hotel_id,price,stock,city,date,language,mobile,avatar_id,avatar_name
472,38,193,sofia,44,romanian,0,283562,6XVKCQ
470,55,112,sofia,44,romanian,0,283562,6XVKCQ
145,73,139,sofia,44,romanian,0,283562,6XVKCQ
416,74,140,sofia,44,romanian,0,283562,6XVKCQ
302,52,137,sofia,44,romanian,0,283562,6XVKCQ
852,40,55,sofia,44,romanian,0,283562,6XVKCQ
542,55,113,sofia,44,romanian,0,283562,6XVKCQ
802,71,112,sofia,44,romanian,0,283562,6XVKCQ
574,54,56,sofia,44,romanian,0,283562,6XVKCQ
272,41,56,sofia,44,romanian,0,283562,6XVKCQ
871,73,140,sofia,44,romanian,0,283562,6XVKCQ
968,88,192,sofia,44,romanian,0,283562,6XVKCQ
459,72,138,sofia,44,romanian,0,283562,6XVKCQ
683,74,140,sofia,44,romanian,0,283562,6XVKCQ
181,74,138,sofia,44,romanian,0,283562,6XVKCQ
137,38,56,sofia,44,romanian,0,283562,6XVKCQ
337,72,138,sofia,44,romanian,0,283562,6XVKCQ
649,123,284,sofia,44,romanian,0,283562,6XVKCQ
109,73,140,sofia,44,romanian,0,283562,6XVKCQ
44,40,56,sofia,44,romanian,0,283562,6XVKCQ
25,120,281,sofia,44,romanian,0,283562,6XVKCQ
201,74,140,sofia,44,romanian,0,283562,6XVKCQ
143,54,112,sofia,44,romanian,0,283562,6XVKCQ
665,52,112,sofia,44,romanian,0,283562,6XVKCQ
637,54,56,sofia,44,romanian,0,283562,6XVKCQ
601,53,112,sofia,44,romanian,0,283562,6XVKCQ
107,40,55,sofia,44,romanian,0,283562,6XVKCQ
578,85,196,sofia,44,romanian,0,283562,6XVKCQ
554,38,140,sofia,44,romanian,0,283562,6XVKCQ
883,87,192,sofia,44,romanian,0,283562,6XVKCQ
304,86,197,sofia,44,romanian,0,283562,6XVKCQ
653,85,197,sofia,44,romanian,0,283562,6XVKCQ
287,124,279,sofia,44,romanian,0,283562,6XVKCQ
553,84,56,sofia,44,romanian,0,283562,6XVKCQ
4,36,56,sofia,44,romanian,0,283562,6XVKCQ
764,55,55,sofia,44,romanian,0,283562,6XVKCQ
815,123,279,sofia,44,romanian,0,283562,6XVKCQ
383,37,140,sofia,44,romanian,0,283562,6XVKCQ
353,41,56,sofia,44,romanian,0,283562,6XVKCQ
899,72,138,sofia,44,romanian,0,283562,6XVKCQ
141,74,139,sofia,44,romanian,0,283562,6XVKCQ
597,125,283,sofia,44,romanian,0,283562,6XVKCQ
984,52,55,sofia,44,romanian,0,283562,6XVKCQ
190,40,55,sofia,44,romanian,0,283562,6XVKCQ
262,72,140,sofia,44,romanian,0,283562,6XVKCQ
923,39,111,sofia,44,romanian,0,283562,6XVKCQ
799,38,57,sofia,44,romanian,0,283562,6XVKCQ
862,56,111,sofia,44,romanian,0,283562,6XVKCQ
544,55,56,sofia,44,romanian,0,283562,6XVKCQ
814,119,277,sofia,44,romanian,0,283562,6XVKCQ
203,86,197,sofia,44,romanian,0,283562,6XVKCQ
590,72,142,sofia,44,romanian,0,283562,6XVKCQ
608,74,138,sofia,44,romanian,0,283562,6XVKCQ
270,86,196,sofia,44,romanian,0,283562,6XVKCQ
13,52,56,sofia,44,romanian,0,283562,6XVKCQ
208,55,56,sofia,44,romanian,0,283562,6XVKCQ
923,41,104,sofia,43,romanian,0,283562,6XVKCQ
984,55,52,sofia,43,romanian,0,283562,6XVKCQ
141,78,132,sofia,43,romanian,0,283562,6XVKCQ
287,130,263,sofia,43,romanian,0,283562,6XVKCQ
815,129,262,sofia,43,romanian,0,283562,6XVKCQ
459,77,130,sofia,43,romanian,0,283562,6XVKCQ
554,39,130,sofia,43,romanian,0,283562,6XVKCQ
181,78,132,sofia,43,romanian,0,283562,6XVKCQ
899,77,130,sofia,43,romanian,0,283562,6XVKCQ
337,77,128,sofia,43,romanian,0,283562,6XVKCQ
44,40,52,sofia,43,romanian,0,283562,6XVKCQ
799,38,54,sofia,43,romanian,0,283562,6XVKCQ
416,77,132,sofia,43,romanian,0,283562,6XVKCQ
304,86,184,sofia,43,romanian,0,283562,6XVKCQ
574,57,53,sofia,43,romanian,0,283562,6XVKCQ
871,76,132,sofia,43,romanian,0,283562,6XVKCQ
802,75,106,sofia,43,romanian,0,283562,6XVKCQ
665,52,105,sofia,43,romanian,0,283562,6XVKCQ
272,42,54,sofia,43,romanian,0,283562,6XVKCQ
262,73,130,sofia,43,romanian,0,283562,6XVKCQ
597,126,267,sofia,43,romanian,0,283562,6XVKCQ
653,85,184,sofia,43,romanian,0,283562,6XVKCQ
649,124,266,sofia,43,romanian,0,283562,6XVKCQ
852,42,52,sofia,43,romanian,0,283562,6XVKCQ
683,77,132,sofia,43,romanian,0,283562,6XVKCQ
883,91,181,sofia,43,romanian,0,283562,6XVKCQ
190,42,51,sofia,43,romanian,0,283562,6XVKCQ
542,56,106,sofia,43,romanian,0,283562,6XVKCQ
107,42,52,sofia,43,romanian,0,283562,6XVKCQ
270,86,183,sofia,43,romanian,0,283562,6XVKCQ
608,78,130,sofia,43,romanian,0,283562,6XVKCQ
4,38,53,sofia,43,romanian,0,283562,6XVKCQ
353,42,53,sofia,43,romanian,0,283562,6XVKCQ
208,56,53,sofia,43,romanian,0,283562,6XVKCQ
968,93,178,sofia,43,romanian,0,283562,6XVKCQ
25,121,265,sofia,43,romanian,0,283562,6XVKCQ
544,56,53,sofia,43,romanian,0,283562,6XVKCQ
470,57,106,sofia,43,romanian,0,283562,6XVKCQ
637,55,52,sofia,43,romanian,0,283562,6XVKCQ
137,40,53,sofia,43,romanian,0,283562,6XVKCQ
578,85,181,sofia,43,romanian,0,283562,6XVKCQ
862,59,104,sofia,43,romanian,0,283562,6XVKCQ
203,86,185,sofia,43,romanian,0,283562,6XVKCQ
472,40,180,sofia,43,romanian,0,283562,6XVKCQ
814,126,264,sofia,43,romanian,0,283562,6XVKCQ
201,75,128,sofia,43,romanian,0,283562,6XVKCQ
143,54,105,sofia,43,romanian,0,283562,6XVKCQ
383,39,132,sofia,43,romanian,0,283562,6XVKCQ
601,53,104,sofia,43,romanian,0,283562,6XVKCQ
302,55,129,sofia,43,romanian,0,283562,6XVKCQ
13,54,53,sofia,43,romanian,0,283562,6XVKCQ
590,73,132,sofia,43,romanian,0,283562,6XVKCQ
109,77,132,sofia,43,romanian,0,283562,6XVKCQ
145,77,132,sofia,43,romanian,0,283562,6XVKCQ
764,58,52,sofia,43,romanian,0,283562,6XVKCQ
553,88,53,sofia,43,romanian,0,283562,6XVKCQ
353,44,50,sofia,42,romanian,0,283562,6XVKCQ
649,128,249,sofia,42,romanian,0,283562,6XVKCQ
470,59,100,sofia,42,romanian,0,283562,6XVKCQ
337,79,118,sofia,42,romanian,0,283562,6XVKCQ
4,40,49,sofia,42,romanian,0,283562,6XVKCQ
287,135,248,sofia,42,romanian,0,283562,6XVKCQ
968,96,165,sofia,42,romanian,0,283562,6XVKCQ
272,44,50,sofia,42,romanian,0,283562,6XVKCQ
302,57,120,sofia,42,romanian,0,283562,6XVKCQ
459,79,122,sofia,42,romanian,0,283562,6XVKCQ
542,58,99,sofia,42,romanian,0,283562,6XVKCQ
597,130,248,sofia,42,romanian,0,283562,6XVKCQ
208,58,49,sofia,42,romanian,0,283562,6XVKCQ
137,42,51,sofia,42,romanian,0,283562,6XVKCQ
109,80,124,sofia,42,romanian,0,283562,6XVKCQ
141,81,124,sofia,42,romanian,0,283562,6XVKCQ
852,44,49,sofia,42,romanian,0,283562,6XVKCQ
44,44,49,sofia,42,romanian,0,283562,6XVKCQ
181,81,125,sofia,42,romanian,0,283562,6XVKCQ
270,89,170,sofia,42,romanian,0,283562,6XVKCQ
553,91,50,sofia,42,romanian,0,283562,6XVKCQ
871,78,124,sofia,42,romanian,0,283562,6XVKCQ
799,39,51,sofia,42,romanian,0,283562,6XVKCQ
665,54,99,sofia,42,romanian,0,283562,6XVKCQ
814,130,251,sofia,42,romanian,0,283562,6XVKCQ
203,89,174,sofia,42,romanian,0,283562,6XVKCQ
262,79,123,sofia,42,romanian,0,283562,6XVKCQ
578,92,169,sofia,42,romanian,0,283562,6XVKCQ
107,44,50,sofia,42,romanian,0,283562,6XVKCQ
883,94,170,sofia,42,romanian,0,283562,6XVKCQ
590,77,125,sofia,42,romanian,0,283562,6XVKCQ
601,57,97,sofia,42,romanian,0,283562,6XVKCQ
304,89,174,sofia,42,romanian,0,283562,6XVKCQ
145,80,127,sofia,42,romanian,0,283562,6XVKCQ
984,58,49,sofia,42,romanian,0,283562,6XVKCQ
13,56,50,sofia,42,romanian,0,283562,6XVKCQ
25,125,249,sofia,42,romanian,0,283562,6XVKCQ
143,56,98,sofia,42,romanian,0,283562,6XVKCQ
764,60,49,sofia,42,romanian,0,283562,6XVKCQ
653,88,172,sofia,42,romanian,0,283562,6XVKCQ
815,134,243,sofia,42,romanian,0,283562,6XVKCQ
574,59,50,sofia,42,romanian,0,283562,6XVKCQ
683,80,125,sofia,42,romanian,0,283562,6XVKCQ
190,46,48,sofia,42,romanian,0,283562,6XVKCQ
608,81,122,sofia,42,romanian,0,283562,6XVKCQ
201,80,120,sofia,42,romanian,0,283562,6XVKCQ
637,59,50,sofia,42,romanian,0,283562,6XVKCQ
544,58,50,sofia,42,romanian,0,283562,6XVKCQ
383,41,125,sofia,42,romanian,0,283562,6XVKCQ
416,80,125,sofia,42,romanian,0,283562,6XVKCQ
802,77,100,sofia,42,romanian,0,283562,6XVKCQ
472,43,169,sofia,42,romanian,0,283562,6XVKCQ
554,42,120,sofia,42,romanian,0,283562,6XVKCQ
862,61,98,sofia,42,romanian,0,283562,6XVKCQ
923,43,98,sofia,42,romanian,0,283562,6XVKCQ
899,79,122,sofia,42,romanian,0,283562,6XVKCQ
871,79,117,sofia,41,romanian,0,283562,6XVKCQ
968,98,153,sofia,41,romanian,0,283562,6XVKCQ
203,90,164,sofia,41,romanian,0,283562,6XVKCQ
665,54,92,sofia,41,romanian,0,283562,6XVKCQ
181,82,119,sofia,41,romanian,0,283562,6XVKCQ
190,46,46,sofia,41,romanian,0,283562,6XVKCQ
470,59,93,sofia,41,romanian,0,283562,6XVKCQ
416,81,118,sofia,41,romanian,0,283562,6XVKCQ
637,60,47,sofia,41,romanian,0,283562,6XVKCQ
270,90,156,sofia,41,romanian,0,283562,6XVKCQ
802,79,95,sofia,41,romanian,0,283562,6XVKCQ
459,80,113,sofia,41,romanian,0,283562,6XVKCQ
601,58,91,sofia,41,romanian,0,283562,6XVKCQ
553,93,47,sofia,41,romanian,0,283562,6XVKCQ
814,131,238,sofia,41,romanian,0,283562,6XVKCQ
107,45,47,sofia,41,romanian,0,283562,6XVKCQ
4,40,46,sofia,41,romanian,0,283562,6XVKCQ
923,43,91,sofia,41,romanian,0,283562,6XVKCQ
143,56,92,sofia,41,romanian,0,283562,6XVKCQ
353,44,48,sofia,41,romanian,0,283562,6XVKCQ
653,89,162,sofia,41,romanian,0,283562,6XVKCQ
862,62,92,sofia,41,romanian,0,283562,6XVKCQ
899,80,114,sofia,41,romanian,0,283562,6XVKCQ
13,56,48,sofia,41,romanian,0,283562,6XVKCQ
578,93,158,sofia,41,romanian,0,283562,6XVKCQ
574,59,47,sofia,41,romanian,0,283562,6XVKCQ
25,126,233,sofia,41,romanian,0,283562,6XVKCQ
44,44,46,sofia,41,romanian,0,283562,6XVKCQ
544,59,47,sofia,41,romanian,0,283562,6XVKCQ
554,44,114,sofia,41,romanian,0,283562,6XVKCQ
262,80,115,sofia,41,romanian,0,283562,6XVKCQ
608,82,114,sofia,41,romanian,0,283562,6XVKCQ
287,137,234,sofia,41,romanian,0,283562,6XVKCQ
683,81,118,sofia,41,romanian,0,283562,6XVKCQ
145,81,122,sofia,41,romanian,0,283562,6XVKCQ
137,42,48,sofia,41,romanian,0,283562,6XVKCQ
984,60,47,sofia,41,romanian,0,283562,6XVKCQ
201,81,112,sofia,41,romanian,0,283562,6XVKCQ
383,41,118,sofia,41,romanian,0,283562,6XVKCQ
272,45,47,sofia,41,romanian,0,283562,6XVKCQ
337,83,113,sofia,41,romanian,0,283562,6XVKCQ
542,59,92,sofia,41,romanian,0,283562,6XVKCQ
304,90,164,sofia,41,romanian,0,283562,6XVKCQ
649,129,232,sofia,41,romanian,0,283562,6XVKCQ
764,60,46,sofia,41,romanian,0,283562,6XVKCQ
109,81,116,sofia,41,romanian,0,283562,6XVKCQ
208,59,45,sofia,41,romanian,0,283562,6XVKCQ
815,136,225,sofia,41,romanian,0,283562,6XVKCQ
302,58,114,sofia,41,romanian,0,283562,6XVKCQ
883,95,159,sofia,41,romanian,0,283562,6XVKCQ
799,40,48,sofia,41,romanian,0,283562,6XVKCQ
597,131,227,sofia,41,romanian,0,283562,6XVKCQ
141,82,116,sofia,41,romanian,0,283562,6XVKCQ
472,43,160,sofia,41,romanian,0,283562,6XVKCQ
852,45,47,sofia,41,romanian,0,283562,6XVKCQ
590,78,118,sofia,41,romanian,0,283562,6XVKCQ
272,46,45,sofia,40,romanian,0,283562,6XVKCQ
968,102,145,sofia,40,romanian,0,283562,6XVKCQ
544,61,44,sofia,40,romanian,0,283562,6XVKCQ
190,46,43,sofia,40,romanian,0,283562,6XVKCQ
601,58,85,sofia,40,romanian,0,283562,6XVKCQ
553,95,45,sofia,40,romanian,0,283562,6XVKCQ
141,82,107,sofia,40,romanian,0,283562,6XVKCQ
137,43,45,sofia,40,romanian,0,283562,6XVKCQ
802,81,91,sofia,40,romanian,0,283562,6XVKCQ
353,44,45,sofia,40,romanian,0,283562,6XVKCQ
764,60,43,sofia,40,romanian,0,283562,6XVKCQ
143,57,86,sofia,40,romanian,0,283562,6XVKCQ
44,44,42,sofia,40,romanian,0,283562,6XVKCQ
262,80,108,sofia,40,romanian,0,283562,6XVKCQ
270,95,147,sofia,40,romanian,0,283562,6XVKCQ
923,45,86,sofia,40,romanian,0,283562,6XVKCQ
302,60,108,sofia,40,romanian,0,283562,6XVKCQ
554,45,108,sofia,40,romanian,0,283562,6XVKCQ
107,45,45,sofia,40,romanian,0,283562,6XVKCQ
597,138,212,sofia,40,romanian,0,283562,6XVKCQ
287,137,218,sofia,40,romanian,0,283562,6XVKCQ
208,61,42,sofia,40,romanian,0,283562,6XVKCQ
472,44,152,sofia,40,romanian,0,283562,6XVKCQ
883,96,147,sofia,40,romanian,0,283562,6XVKCQ
871,81,111,sofia,40,romanian,0,283562,6XVKCQ
181,82,114,sofia,40,romanian,0,283562,6XVKCQ
637,60,45,sofia,40,romanian,0,283562,6XVKCQ
304,90,154,sofia,40,romanian,0,283562,6XVKCQ
665,54,83,sofia,40,romanian,0,283562,6XVKCQ
608,82,106,sofia,40,romanian,0,283562,6XVKCQ
799,41,46,sofia,40,romanian,0,283562,6XVKCQ
649,136,222,sofia,40,romanian,0,283562,6XVKCQ
470,59,86,sofia,40,romanian,0,283562,6XVKCQ
862,62,86,sofia,40,romanian,0,283562,6XVKCQ
984,60,46,sofia,40,romanian,0,283562,6XVKCQ
201,81,106,sofia,40,romanian,0,283562,6XVKCQ
383,41,109,sofia,40,romanian,0,283562,6XVKCQ
13,57,45,sofia,40,romanian,0,283562,6XVKCQ
145,81,116,sofia,40,romanian,0,283562,6XVKCQ
653,89,150,sofia,40,romanian,0,283562,6XVKCQ
542,61,85,sofia,40,romanian,0,283562,6XVKCQ
4,41,43,sofia,40,romanian,0,283562,6XVKCQ
578,94,146,sofia,40,romanian,0,283562,6XVKCQ
416,81,110,sofia,40,romanian,0,283562,6XVKCQ
574,60,45,sofia,40,romanian,0,283562,6XVKCQ
25,126,218,sofia,40,romanian,0,283562,6XVKCQ
814,132,225,sofia,40,romanian,0,283562,6XVKCQ
109,81,108,sofia,40,romanian,0,283562,6XVKCQ
815,142,212,sofia,40,romanian,0,283562,6XVKCQ
459,83,107,sofia,40,romanian,0,283562,6XVKCQ
590,80,113,sofia,40,romanian,0,283562,6XVKCQ
203,90,153,sofia,40,romanian,0,283562,6XVKCQ
899,80,108,sofia,40,romanian,0,283562,6XVKCQ
337,83,108,sofia,40,romanian,0,283562,6XVKCQ
304,90,144,sofia,39,romanian,0,283562,6XVKCQ
353,44,44,sofia,39,romanian,0,283562,6XVKCQ
208,64,40,sofia,39,romanian,0,283562,6XVKCQ
665,56,76,sofia,39,romanian,0,283562,6XVKCQ
802,81,87,sofia,39,romanian,0,283562,6XVKCQ
190,46,41,sofia,39,romanian,0,283562,6XVKCQ
574,60,43,sofia,39,romanian,0,283562,6XVKCQ
287,137,206,sofia,39,romanian,0,283562,6XVKCQ
899,80,100,sofia,39,romanian,0,283562,6XVKCQ
141,84,100,sofia,39,romanian,0,283562,6XVKCQ
145,81,110,sofia,39,romanian,0,283562,6XVKCQ
815,142,199,sofia,39,romanian,0,283562,6XVKCQ
871,81,104,sofia,39,romanian,0,283562,6XVKCQ
608,82,96,sofia,39,romanian,0,283562,6XVKCQ
862,62,81,sofia,39,romanian,0,283562,6XVKCQ
984,60,44,sofia,39,romanian,0,283562,6XVKCQ
272,46,42,sofia,39,romanian,0,283562,6XVKCQ
137,44,43,sofia,39,romanian,0,283562,6XVKCQ
799,41,45,sofia,39,romanian,0,283562,6XVKCQ
201,81,98,sofia,39,romanian,0,283562,6XVKCQ
542,61,78,sofia,39,romanian,0,283562,6XVKCQ
472,44,144,sofia,39,romanian,0,283562,6XVKCQ
181,82,110,sofia,39,romanian,0,283562,6XVKCQ
554,45,102,sofia,39,romanian,0,283562,6XVKCQ
544,61,42,sofia,39,romanian,0,283562,6XVKCQ
597,138,196,sofia,39,romanian,0,283562,6XVKCQ
590,80,108,sofia,39,romanian,0,283562,6XVKCQ
107,45,43,sofia,39,romanian,0,283562,6XVKCQ
470,62,82,sofia,39,romanian,0,283562,6XVKCQ
649,136,212,sofia,39,romanian,0,283562,6XVKCQ
13,57,43,sofia,39,romanian,0,283562,6XVKCQ
968,102,136,sofia,39,romanian,0,283562,6XVKCQ
302,60,103,sofia,39,romanian,0,283562,6XVKCQ
383,43,104,sofia,39,romanian,0,283562,6XVKCQ
25,126,205,sofia,39,romanian,0,283562,6XVKCQ
416,85,104,sofia,39,romanian,0,283562,6XVKCQ
637,61,43,sofia,39,romanian,0,283562,6XVKCQ
578,98,138,sofia,39,romanian,0,283562,6XVKCQ
262,80,102,sofia,39,romanian,0,283562,6XVKCQ
764,60,41,sofia,39,romanian,0,283562,6XVKCQ
143,60,82,sofia,39,romanian,0,283562,6XVKCQ
109,84,102,sofia,39,romanian,0,283562,6XVKCQ
203,90,141,sofia,39,romanian,0,283562,6XVKCQ
653,94,141,sofia,39,romanian,0,283562,6XVKCQ
337,83,104,sofia,39,romanian,0,283562,6XVKCQ
4,43,40,sofia,39,romanian,0,283562,6XVKCQ
814,132,210,sofia,39,romanian,0,283562,6XVKCQ
923,45,82,sofia,39,romanian,0,283562,6XVKCQ
883,100,138,sofia,39,romanian,0,283562,6XVKCQ
601,58,80,sofia,39,romanian,0,283562,6XVKCQ
553,95,44,sofia,39,romanian,0,283562,6XVKCQ
270,95,138,sofia,39,romanian,0,283562,6XVKCQ
44,44,40,sofia,39,romanian,0,283562,6XVKCQ
459,83,102,sofia,39,romanian,0,283562,6XVKCQ
337,83,100,sofia,38,romanian,0,283562,6XVKCQ
814,132,195,sofia,38,romanian,0,283562,6XVKCQ
201,81,92,sofia,38,romanian,0,283562,6XVKCQ
968,102,130,sofia,38,romanian,0,283562,6XVKCQ
815,142,188,sofia,38,romanian,0,283562,6XVKCQ
578,98,130,sofia,38,romanian,0,283562,6XVKCQ
25,126,191,sofia,38,romanian,0,283562,6XVKCQ
542,66,73,sofia,38,romanian,0,283562,6XVKCQ
270,95,129,sofia,38,romanian,0,283562,6XVKCQ
883,100,127,sofia,38,romanian,0,283562,6XVKCQ
145,81,104,sofia,38,romanian,0,283562,6XVKCQ
181,82,105,sofia,38,romanian,0,283562,6XVKCQ
601,58,75,sofia,38,romanian,0,283562,6XVKCQ
190,46,38,sofia,38,romanian,0,283562,6XVKCQ
470,62,77,sofia,38,romanian,0,283562,6XVKCQ
899,80,92,sofia,38,romanian,0,283562,6XVKCQ
871,82,99,sofia,38,romanian,0,283562,6XVKCQ
107,45,40,sofia,38,romanian,0,283562,6XVKCQ
590,80,104,sofia,38,romanian,0,283562,6XVKCQ
208,66,38,sofia,38,romanian,0,283562,6XVKCQ
802,81,83,sofia,38,romanian,0,283562,6XVKCQ
608,86,90,sofia,38,romanian,0,283562,6XVKCQ
862,62,76,sofia,38,romanian,0,283562,6XVKCQ
637,61,41,sofia,38,romanian,0,283562,6XVKCQ
287,137,193,sofia,38,romanian,0,283562,6XVKCQ
544,61,40,sofia,38,romanian,0,283562,6XVKCQ
109,84,94,sofia,38,romanian,0,283562,6XVKCQ
984,60,42,sofia,38,romanian,0,283562,6XVKCQ
416,85,98,sofia,38,romanian,0,283562,6XVKCQ
143,60,78,sofia,38,romanian,0,283562,6XVKCQ
272,46,40,sofia,38,romanian,0,283562,6XVKCQ
304,90,133,sofia,38,romanian,0,283562,6XVKCQ
554,45,96,sofia,38,romanian,0,283562,6XVKCQ
459,83,98,sofia,38,romanian,0,283562,6XVKCQ
574,60,40,sofia,38,romanian,0,283562,6XVKCQ
383,43,98,sofia,38,romanian,0,283562,6XVKCQ
923,45,77,sofia,38,romanian,0,283562,6XVKCQ
262,80,96,sofia,38,romanian,0,283562,6XVKCQ
203,95,133,sofia,38,romanian,0,283562,6XVKCQ
302,60,98,sofia,38,romanian,0,283562,6XVKCQ
665,59,70,sofia,38,romanian,0,283562,6XVKCQ
597,144,185,sofia,38,romanian,0,283562,6XVKCQ
44,44,37,sofia,38,romanian,0,283562,6XVKCQ
764,61,39,sofia,38,romanian,0,283562,6XVKCQ
553,95,42,sofia,38,romanian,0,283562,6XVKCQ
13,57,41,sofia,38,romanian,0,283562,6XVKCQ
4,43,38,sofia,38,romanian,0,283562,6XVKCQ
137,44,41,sofia,38,romanian,0,283562,6XVKCQ
472,44,134,sofia,38,romanian,0,283562,6XVKCQ
353,44,42,sofia,38,romanian,0,283562,6XVKCQ
649,136,203,sofia,38,romanian,0,283562,6XVKCQ
653,94,132,sofia,38,romanian,0,283562,6XVKCQ
141,88,94,sofia,38,romanian,0,283562,6XVKCQ
337,83,95,sofia,37,romanian,0,283562,6XVKCQ
25,126,178,sofia,37,romanian,0,283562,6XVKCQ
383,43,94,sofia,37,romanian,0,283562,6XVKCQ
653,94,123,sofia,37,romanian,0,283562,6XVKCQ
262,80,88,sofia,37,romanian,0,283562,6XVKCQ
554,45,92,sofia,37,romanian,0,283562,6XVKCQ
553,95,40,sofia,37,romanian,0,283562,6XVKCQ
802,81,78,sofia,37,romanian,0,283562,6XVKCQ
470,62,72,sofia,37,romanian,0,283562,6XVKCQ
107,45,38,sofia,37,romanian,0,283562,6XVKCQ
13,57,39,sofia,37,romanian,0,283562,6XVKCQ
814,132,178,sofia,37,romanian,0,283562,6XVKCQ
574,60,38,sofia,37,romanian,0,283562,6XVKCQ
141,88,88,sofia,37,romanian,0,283562,6XVKCQ
304,90,125,sofia,37,romanian,0,283562,6XVKCQ
203,95,125,sofia,37,romanian,0,283562,6XVKCQ
815,142,177,sofia,37,romanian,0,283562,6XVKCQ
601,58,70,sofia,37,romanian,0,283562,6XVKCQ
923,45,72,sofia,37,romanian,0,283562,6XVKCQ
302,60,94,sofia,37,romanian,0,283562,6XVKCQ
862,62,72,sofia,37,romanian,0,283562,6XVKCQ
472,45,127,sofia,37,romanian,0,283562,6XVKCQ
542,66,69,sofia,37,romanian,0,283562,6XVKCQ
883,105,118,sofia,37,romanian,0,283562,6XVKCQ
597,144,174,sofia,37,romanian,0,283562,6XVKCQ
109,84,89,sofia,37,romanian,0,283562,6XVKCQ
590,80,99,sofia,37,romanian,0,283562,6XVKCQ
416,85,90,sofia,37,romanian,0,283562,6XVKCQ
287,137,179,sofia,37,romanian,0,283562,6XVKCQ
764,61,37,sofia,37,romanian,0,283562,6XVKCQ
353,44,40,sofia,37,romanian,0,283562,6XVKCQ
270,95,118,sofia,37,romanian,0,283562,6XVKCQ
637,61,39,sofia,37,romanian,0,283562,6XVKCQ
4,44,36,sofia,37,romanian,0,283562,6XVKCQ
984,60,40,sofia,37,romanian,0,283562,6XVKCQ
181,82,102,sofia,37,romanian,0,283562,6XVKCQ
44,44,34,sofia,37,romanian,0,283562,6XVKCQ
137,44,38,sofia,37,romanian,0,283562,6XVKCQ
968,102,121,sofia,37,romanian,0,283562,6XVKCQ
899,83,86,sofia,37,romanian,0,283562,6XVKCQ
208,66,36,sofia,37,romanian,0,283562,6XVKCQ
143,60,75,sofia,37,romanian,0,283562,6XVKCQ
459,83,94,sofia,37,romanian,0,283562,6XVKCQ
201,81,86,sofia,37,romanian,0,283562,6XVKCQ
871,82,93,sofia,37,romanian,0,283562,6XVKCQ
190,46,36,sofia,37,romanian,0,283562,6XVKCQ
665,59,65,sofia,37,romanian,0,283562,6XVKCQ
578,98,122,sofia,37,romanian,0,283562,6XVKCQ
145,81,99,sofia,37,romanian,0,283562,6XVKCQ
649,136,194,sofia,37,romanian,0,283562,6XVKCQ
272,47,37,sofia,37,romanian,0,283562,6XVKCQ
608,86,82,sofia,37,romanian,0,283562,6XVKCQ
544,61,37,sofia,37,romanian,0,283562,6XVKCQ
653,94,115,sofia,36,romanian,0,283562,6XVKCQ
923,45,68,sofia,36,romanian,0,283562,6XVKCQ
871,82,87,sofia,36,romanian,0,283562,6XVKCQ
968,102,112,sofia,36,romanian,0,283562,6XVKCQ
145,81,94,sofia,36,romanian,0,283562,6XVKCQ
262,80,82,sofia,36,romanian,0,283562,6XVKCQ
554,45,86,sofia,36,romanian,0,283562,6XVKCQ
984,60,38,sofia,36,romanian,0,283562,6XVKCQ
597,144,163,sofia,36,romanian,0,283562,6XVKCQ
137,45,36,sofia,36,romanian,0,283562,6XVKCQ
143,60,72,sofia,36,romanian,0,283562,6XVKCQ
416,89,84,sofia,36,romanian,0,283562,6XVKCQ
544,61,35,sofia,36,romanian,0,283562,6XVKCQ
270,100,108,sofia,36,romanian,0,283562,6XVKCQ
883,109,110,sofia,36,romanian,0,283562,6XVKCQ
553,95,39,sofia,36,romanian,0,283562,6XVKCQ
814,138,168,sofia,36,romanian,0,283562,6XVKCQ
383,43,90,sofia,36,romanian,0,283562,6XVKCQ
574,61,35,sofia,36,romanian,0,283562,6XVKCQ
181,82,98,sofia,36,romanian,0,283562,6XVKCQ
13,57,37,sofia,36,romanian,0,283562,6XVKCQ
802,81,74,sofia,36,romanian,0,283562,6XVKCQ
141,88,83,sofia,36,romanian,0,283562,6XVKCQ
601,58,64,sofia,36,romanian,0,283562,6XVKCQ
764,61,35,sofia,36,romanian,0,283562,6XVKCQ
608,86,76,sofia,36,romanian,0,283562,6XVKCQ
109,84,84,sofia,36,romanian,0,283562,6XVKCQ
472,45,120,sofia,36,romanian,0,283562,6XVKCQ
459,83,89,sofia,36,romanian,0,283562,6XVKCQ
287,137,165,sofia,36,romanian,0,283562,6XVKCQ
107,45,36,sofia,36,romanian,0,283562,6XVKCQ
590,80,94,sofia,36,romanian,0,283562,6XVKCQ
542,66,65,sofia,36,romanian,0,283562,6XVKCQ
862,62,67,sofia,36,romanian,0,283562,6XVKCQ
899,83,80,sofia,36,romanian,0,283562,6XVKCQ
337,83,90,sofia,36,romanian,0,283562,6XVKCQ
201,81,80,sofia,36,romanian,0,283562,6XVKCQ
353,44,38,sofia,36,romanian,0,283562,6XVKCQ
578,98,115,sofia,36,romanian,0,283562,6XVKCQ
649,136,185,sofia,36,romanian,0,283562,6XVKCQ
25,126,165,sofia,36,romanian,0,283562,6XVKCQ
44,44,31,sofia,36,romanian,0,283562,6XVKCQ
637,61,37,sofia,36,romanian,0,283562,6XVKCQ
190,46,35,sofia,36,romanian,0,283562,6XVKCQ
665,59,60,sofia,36,romanian,0,283562,6XVKCQ
203,95,115,sofia,36,romanian,0,283562,6XVKCQ
470,62,67,sofia,36,romanian,0,283562,6XVKCQ
815,142,165,sofia,36,romanian,0,283562,6XVKCQ
272,48,34,sofia,36,romanian,0,283562,6XVKCQ
304,90,118,sofia,36,romanian,0,283562,6XVKCQ
208,66,34,sofia,36,romanian,0,283562,6XVKCQ
4,44,34,sofia,36,romanian,0,283562,6XVKCQ
302,60,89,sofia,36,romanian,0,283562,6XVKCQ
143,60,70,sofia,35,romanian,0,283562,6XVKCQ
665,59,55,sofia,35,romanian,0,283562,6XVKCQ
302,60,86,sofia,35,romanian,0,283562,6XVKCQ
601,61,61,sofia,35,romanian,0,283562,6XVKCQ
802,81,69,sofia,35,romanian,0,283562,6XVKCQ
208,66,33,sofia,35,romanian,0,283562,6XVKCQ
337,83,85,sofia,35,romanian,0,283562,6XVKCQ
815,142,152,sofia,35,romanian,0,283562,6XVKCQ
416,89,79,sofia,35,romanian,0,283562,6XVKCQ
544,61,33,sofia,35,romanian,0,283562,6XVKCQ
383,43,86,sofia,35,romanian,0,283562,6XVKCQ
107,45,33,sofia,35,romanian,0,283562,6XVKCQ
25,126,153,sofia,35,romanian,0,283562,6XVKCQ
201,81,74,sofia,35,romanian,0,283562,6XVKCQ
13,57,35,sofia,35,romanian,0,283562,6XVKCQ
553,95,37,sofia,35,romanian,0,283562,6XVKCQ
814,138,158,sofia,35,romanian,0,283562,6XVKCQ
608,86,70,sofia,35,romanian,0,283562,6XVKCQ
554,45,82,sofia,35,romanian,0,283562,6XVKCQ
968,102,103,sofia,35,romanian,0,283562,6XVKCQ
137,45,35,sofia,35,romanian,0,283562,6XVKCQ
203,95,106,sofia,35,romanian,0,283562,6XVKCQ
590,80,88,sofia,35,romanian,0,283562,6XVKCQ
899,83,74,sofia,35,romanian,0,283562,6XVKCQ
181,82,94,sofia,35,romanian,0,283562,6XVKCQ
984,60,35,sofia,35,romanian,0,283562,6XVKCQ
44,46,28,sofia,35,romanian,0,283562,6XVKCQ
145,81,88,sofia,35,romanian,0,283562,6XVKCQ
459,83,84,sofia,35,romanian,0,283562,6XVKCQ
574,61,33,sofia,35,romanian,0,283562,6XVKCQ
141,88,78,sofia,35,romanian,0,283562,6XVKCQ
472,45,113,sofia,35,romanian,0,283562,6XVKCQ
871,82,82,sofia,35,romanian,0,283562,6XVKCQ
862,62,62,sofia,35,romanian,0,283562,6XVKCQ
649,136,176,sofia,35,romanian,0,283562,6XVKCQ
637,61,36,sofia,35,romanian,0,283562,6XVKCQ
764,61,33,sofia,35,romanian,0,283562,6XVKCQ
109,84,78,sofia,35,romanian,0,283562,6XVKCQ
270,100,99,sofia,35,romanian,0,283562,6XVKCQ
578,98,108,sofia,35,romanian,0,283562,6XVKCQ
190,46,33,sofia,35,romanian,0,283562,6XVKCQ
353,44,37,sofia,35,romanian,0,283562,6XVKCQ
470,62,62,sofia,35,romanian,0,283562,6XVKCQ
883,109,103,sofia,35,romanian,0,283562,6XVKCQ
304,90,109,sofia,35,romanian,0,283562,6XVKCQ
4,44,32,sofia,35,romanian,0,283562,6XVKCQ
272,49,32,sofia,35,romanian,0,283562,6XVKCQ
923,45,62,sofia,35,romanian,0,283562,6XVKCQ
597,144,151,sofia,35,romanian,0,283562,6XVKCQ
653,94,108,sofia,35,romanian,0,283562,6XVKCQ
262,80,74,sofia,35,romanian,0,283562,6XVKCQ
287,143,155,sofia,35,romanian,0,283562,6XVKCQ
542,66,61,sofia,35,romanian,0,283562,6XVKCQ
270,104,92,sofia,34,romanian,0,283562,6XVKCQ
597,144,139,sofia,34,romanian,0,283562,6XVKCQ
416,89,72,sofia,34,romanian,0,283562,6XVKCQ
383,43,82,sofia,34,romanian,0,283562,6XVKCQ
203,95,96,sofia,34,romanian,0,283562,6XVKCQ
871,82,78,sofia,34,romanian,0,283562,6XVKCQ
181,82,90,sofia,34,romanian,0,283562,6XVKCQ
542,66,57,sofia,34,romanian,0,283562,6XVKCQ
25,126,139,sofia,34,romanian,0,283562,6XVKCQ
923,45,58,sofia,34,romanian,0,283562,6XVKCQ
304,90,103,sofia,34,romanian,0,283562,6XVKCQ
287,143,145,sofia,34,romanian,0,283562,6XVKCQ
553,95,36,sofia,34,romanian,0,283562,6XVKCQ
109,84,74,sofia,34,romanian,0,283562,6XVKCQ
968,106,96,sofia,34,romanian,0,283562,6XVKCQ
141,88,73,sofia,34,romanian,0,283562,6XVKCQ
764,61,32,sofia,34,romanian,0,283562,6XVKCQ
459,83,79,sofia,34,romanian,0,283562,6XVKCQ
578,98,102,sofia,34,romanian,0,283562,6XVKCQ
13,57,33,sofia,34,romanian,0,283562,6XVKCQ
353,44,36,sofia,34,romanian,0,283562,6XVKCQ
44,46,25,sofia,34,romanian,0,283562,6XVKCQ
272,49,29,sofia,34,romanian,0,283562,6XVKCQ
601,61,57,sofia,34,romanian,0,283562,6XVKCQ
145,81,82,sofia,34,romanian,0,283562,6XVKCQ
470,62,58,sofia,34,romanian,0,283562,6XVKCQ
665,59,51,sofia,34,romanian,0,283562,6XVKCQ
862,62,58,sofia,34,romanian,0,283562,6XVKCQ
649,136,167,sofia,34,romanian,0,283562,6XVKCQ
554,45,76,sofia,34,romanian,0,283562,6XVKCQ
337,83,80,sofia,34,romanian,0,283562,6XVKCQ
472,45,106,sofia,34,romanian,0,283562,6XVKCQ
590,80,82,sofia,34,romanian,0,283562,6XVKCQ
208,66,32,sofia,34,romanian,0,283562,6XVKCQ
302,60,82,sofia,34,romanian,0,283562,6XVKCQ
608,89,65,sofia,34,romanian,0,283562,6XVKCQ
4,44,30,sofia,34,romanian,0,283562,6XVKCQ
137,45,33,sofia,34,romanian,0,283562,6XVKCQ
802,81,64,sofia,34,romanian,0,283562,6XVKCQ
544,61,30,sofia,34,romanian,0,283562,6XVKCQ
190,46,31,sofia,34,romanian,0,283562,6XVKCQ
899,83,68,sofia,34,romanian,0,283562,6XVKCQ
262,83,70,sofia,34,romanian,0,283562,6XVKCQ
815,148,143,sofia,34,romanian,0,283562,6XVKCQ
201,81,68,sofia,34,romanian,0,283562,6XVKCQ
143,60,67,sofia,34,romanian,0,283562,6XVKCQ
637,61,34,sofia,34,romanian,0,283562,6XVKCQ
984,61,33,sofia,34,romanian,0,283562,6XVKCQ
883,109,95,sofia,34,romanian,0,283562,6XVKCQ
107,45,31,sofia,34,romanian,0,283562,6XVKCQ
653,94,101,sofia,34,romanian,0,283562,6XVKCQ
814,138,147,sofia,34,romanian,0,283562,6XVKCQ
574,64,31,sofia,34,romanian,0,283562,6XVKCQ
201,81,62,sofia,33,romanian,0,283562,6XVKCQ
899,83,62,sofia,33,romanian,0,283562,6XVKCQ
262,83,65,sofia,33,romanian,0,283562,6XVKCQ
190,46,29,sofia,33,romanian,0,283562,6XVKCQ
141,88,69,sofia,33,romanian,0,283562,6XVKCQ
109,84,69,sofia,33,romanian,0,283562,6XVKCQ
304,90,97,sofia,33,romanian,0,283562,6XVKCQ
353,44,35,sofia,33,romanian,0,283562,6XVKCQ
302,60,80,sofia,33,romanian,0,283562,6XVKCQ
871,82,72,sofia,33,romanian,0,283562,6XVKCQ
107,45,29,sofia,33,romanian,0,283562,6XVKCQ
764,61,30,sofia,33,romanian,0,283562,6XVKCQ
968,106,88,sofia,33,romanian,0,283562,6XVKCQ
383,43,80,sofia,33,romanian,0,283562,6XVKCQ
4,44,29,sofia,33,romanian,0,283562,6XVKCQ
649,136,157,sofia,33,romanian,0,283562,6XVKCQ
984,61,31,sofia,33,romanian,0,283562,6XVKCQ
637,61,33,sofia,33,romanian,0,283562,6XVKCQ
601,61,52,sofia,33,romanian,0,283562,6XVKCQ
553,95,35,sofia,33,romanian,0,283562,6XVKCQ
608,89,60,sofia,33,romanian,0,283562,6XVKCQ
544,62,28,sofia,33,romanian,0,283562,6XVKCQ
416,89,66,sofia,33,romanian,0,283562,6XVKCQ
208,66,30,sofia,33,romanian,0,283562,6XVKCQ
683,89,74,sofia,33,romanian,0,283562,6XVKCQ
653,94,94,sofia,33,romanian,0,283562,6XVKCQ
862,62,53,sofia,33,romanian,0,283562,6XVKCQ
665,59,47,sofia,33,romanian,0,283562,6XVKCQ
542,66,53,sofia,33,romanian,0,283562,6XVKCQ
137,45,31,sofia,33,romanian,0,283562,6XVKCQ
574,64,29,sofia,33,romanian,0,283562,6XVKCQ
270,104,83,sofia,33,romanian,0,283562,6XVKCQ
597,144,130,sofia,33,romanian,0,283562,6XVKCQ
472,45,98,sofia,33,romanian,0,283562,6XVKCQ
554,45,72,sofia,33,romanian,0,283562,6XVKCQ
181,82,86,sofia,33,romanian,0,283562,6XVKCQ
814,138,137,sofia,33,romanian,0,283562,6XVKCQ
13,57,31,sofia,33,romanian,0,283562,6XVKCQ
145,81,76,sofia,33,romanian,0,283562,6XVKCQ
287,143,134,sofia,33,romanian,0,283562,6XVKCQ
44,48,23,sofia,33,romanian,0,283562,6XVKCQ
337,83,75,sofia,33,romanian,0,283562,6XVKCQ
923,45,53,sofia,33,romanian,0,283562,6XVKCQ
883,109,87,sofia,33,romanian,0,283562,6XVKCQ
578,98,94,sofia,33,romanian,0,283562,6XVKCQ
815,148,134,sofia,33,romanian,0,283562,6XVKCQ
459,83,72,sofia,33,romanian,0,283562,6XVKCQ
25,133,129,sofia,33,romanian,0,283562,6XVKCQ
272,49,27,sofia,33,romanian,0,283562,6XVKCQ
470,62,53,sofia,33,romanian,0,283562,6XVKCQ
203,95,86,sofia,33,romanian,0,283562,6XVKCQ
852,48,28,sofia,33,romanian,0,283562,6XVKCQ
590,80,76,sofia,33,romanian,0,283562,6XVKCQ
802,81,60,sofia,33,romanian,0,283562,6XVKCQ
143,60,64,sofia,33,romanian,0,283562,6XVKCQ
899,83,56,sofia,32,romanian,0,283562,6XVKCQ
304,90,92,sofia,32,romanian,0,283562,6XVKCQ
542,66,49,sofia,32,romanian,0,283562,6XVKCQ
416,93,60,sofia,32,romanian,0,283562,6XVKCQ
590,82,71,sofia,32,romanian,0,283562,6XVKCQ
4,44,27,sofia,32,romanian,0,283562,6XVKCQ
852,48,26,sofia,32,romanian,0,283562,6XVKCQ
203,100,80,sofia,32,romanian,0,283562,6XVKCQ
190,46,26,sofia,32,romanian,0,283562,6XVKCQ
862,62,50,sofia,32,romanian,0,283562,6XVKCQ
472,45,90,sofia,32,romanian,0,283562,6XVKCQ
262,83,60,sofia,32,romanian,0,283562,6XVKCQ
984,61,29,sofia,32,romanian,0,283562,6XVKCQ
601,61,48,sofia,32,romanian,0,283562,6XVKCQ
107,45,27,sofia,32,romanian,0,283562,6XVKCQ
814,138,127,sofia,32,romanian,0,283562,6XVKCQ
574,64,27,sofia,32,romanian,0,283562,6XVKCQ
181,82,82,sofia,32,romanian,0,283562,6XVKCQ
383,43,76,sofia,32,romanian,0,283562,6XVKCQ
653,94,87,sofia,32,romanian,0,283562,6XVKCQ
337,83,70,sofia,32,romanian,0,283562,6XVKCQ
764,61,28,sofia,32,romanian,0,283562,6XVKCQ
287,143,123,sofia,32,romanian,0,283562,6XVKCQ
302,60,76,sofia,32,romanian,0,283562,6XVKCQ
137,45,29,sofia,32,romanian,0,283562,6XVKCQ
683,89,68,sofia,32,romanian,0,283562,6XVKCQ
815,148,124,sofia,32,romanian,0,283562,6XVKCQ
143,60,61,sofia,32,romanian,0,283562,6XVKCQ
353,44,33,sofia,32,romanian,0,283562,6XVKCQ
544,62,26,sofia,32,romanian,0,283562,6XVKCQ
649,136,147,sofia,32,romanian,0,283562,6XVKCQ
270,108,77,sofia,32,romanian,0,283562,6XVKCQ
665,59,44,sofia,32,romanian,0,283562,6XVKCQ
25,133,120,sofia,32,romanian,0,283562,6XVKCQ
13,57,30,sofia,32,romanian,0,283562,6XVKCQ
109,84,64,sofia,32,romanian,0,283562,6XVKCQ
208,66,29,sofia,32,romanian,0,283562,6XVKCQ
553,95,33,sofia,32,romanian,0,283562,6XVKCQ
578,98,87,sofia,32,romanian,0,283562,6XVKCQ
883,113,80,sofia,32,romanian,0,283562,6XVKCQ
968,106,82,sofia,32,romanian,0,283562,6XVKCQ
554,45,68,sofia,32,romanian,0,283562,6XVKCQ
201,81,56,sofia,32,romanian,0,283562,6XVKCQ
637,61,31,sofia,32,romanian,0,283562,6XVKCQ
145,81,70,sofia,32,romanian,0,283562,6XVKCQ
272,49,25,sofia,32,romanian,0,283562,6XVKCQ
470,62,48,sofia,32,romanian,0,283562,6XVKCQ
608,89,56,sofia,32,romanian,0,283562,6XVKCQ
141,88,66,sofia,32,romanian,0,283562,6XVKCQ
459,83,65,sofia,32,romanian,0,283562,6XVKCQ
597,144,123,sofia,32,romanian,0,283562,6XVKCQ
923,45,49,sofia,32,romanian,0,283562,6XVKCQ
871,82,68,sofia,32,romanian,0,283562,6XVKCQ
44,50,21,sofia,32,romanian,0,283562,6XVKCQ
802,81,56,sofia,32,romanian,0,283562,6XVKCQ
107,45,26,sofia,31,romanian,0,283562,6XVKCQ
143,60,58,sofia,31,romanian,0,283562,6XVKCQ
383,43,72,sofia,31,romanian,0,283562,6XVKCQ
608,89,52,sofia,31,romanian,0,283562,6XVKCQ
574,64,25,sofia,31,romanian,0,283562,6XVKCQ
181,82,78,sofia,31,romanian,0,283562,6XVKCQ
145,81,64,sofia,31,romanian,0,283562,6XVKCQ
470,62,44,sofia,31,romanian,0,283562,6XVKCQ
137,45,27,sofia,31,romanian,0,283562,6XVKCQ
601,61,44,sofia,31,romanian,0,283562,6XVKCQ
862,62,46,sofia,31,romanian,0,283562,6XVKCQ
665,59,40,sofia,31,romanian,0,283562,6XVKCQ
459,87,60,sofia,31,romanian,0,283562,6XVKCQ
262,83,55,sofia,31,romanian,0,283562,6XVKCQ
653,98,81,sofia,31,romanian,0,283562,6XVKCQ
270,108,71,sofia,31,romanian,0,283562,6XVKCQ
984,61,27,sofia,31,romanian,0,283562,6XVKCQ
968,106,76,sofia,31,romanian,0,283562,6XVKCQ
590,82,65,sofia,31,romanian,0,283562,6XVKCQ
201,81,50,sofia,31,romanian,0,283562,6XVKCQ
304,90,86,sofia,31,romanian,0,283562,6XVKCQ
542,66,44,sofia,31,romanian,0,283562,6XVKCQ
25,133,113,sofia,31,romanian,0,283562,6XVKCQ
337,83,66,sofia,31,romanian,0,283562,6XVKCQ
637,61,30,sofia,31,romanian,0,283562,6XVKCQ
683,89,64,sofia,31,romanian,0,283562,6XVKCQ
578,98,80,sofia,31,romanian,0,283562,6XVKCQ
416,93,56,sofia,31,romanian,0,283562,6XVKCQ
764,61,27,sofia,31,romanian,0,283562,6XVKCQ
353,44,32,sofia,31,romanian,0,283562,6XVKCQ
899,87,52,sofia,31,romanian,0,283562,6XVKCQ
802,81,52,sofia,31,romanian,0,283562,6XVKCQ
923,45,45,sofia,31,romanian,0,283562,6XVKCQ
208,66,27,sofia,31,romanian,0,283562,6XVKCQ
44,50,20,sofia,31,romanian,0,283562,6XVKCQ
141,88,62,sofia,31,romanian,0,283562,6XVKCQ
883,113,75,sofia,31,romanian,0,283562,6XVKCQ
544,64,23,sofia,31,romanian,0,283562,6XVKCQ
272,49,24,sofia,31,romanian,0,283562,6XVKCQ
815,148,113,sofia,31,romanian,0,283562,6XVKCQ
871,82,62,sofia,31,romanian,0,283562,6XVKCQ
814,138,119,sofia,31,romanian,0,283562,6XVKCQ
287,143,112,sofia,31,romanian,0,283562,6XVKCQ
649,136,137,sofia,31,romanian,0,283562,6XVKCQ
472,46,83,sofia,31,romanian,0,283562,6XVKCQ
4,44,25,sofia,31,romanian,0,283562,6XVKCQ
554,45,63,sofia,31,romanian,0,283562,6XVKCQ
13,57,28,sofia,31,romanian,0,283562,6XVKCQ
553,95,31,sofia,31,romanian,0,283562,6XVKCQ
203,100,76,sofia,31,romanian,0,283562,6XVKCQ
302,60,74,sofia,31,romanian,0,283562,6XVKCQ
190,46,24,sofia,31,romanian,0,283562,6XVKCQ
852,48,24,sofia,31,romanian,0,283562,6XVKCQ
109,84,60,sofia,31,romanian,0,283562,6XVKCQ
597,144,115,sofia,31,romanian,0,283562,6XVKCQ
542,66,40,sofia,30,romanian,0,283562,6XVKCQ
181,82,75,sofia,30,romanian,0,283562,6XVKCQ
597,144,107,sofia,30,romanian,0,283562,6XVKCQ
653,98,76,sofia,30,romanian,0,283562,6XVKCQ
578,98,73,sofia,30,romanian,0,283562,6XVKCQ
544,66,21,sofia,30,romanian,0,283562,6XVKCQ
968,106,69,sofia,30,romanian,0,283562,6XVKCQ
208,66,26,sofia,30,romanian,0,283562,6XVKCQ
637,61,28,sofia,30,romanian,0,283562,6XVKCQ
553,95,30,sofia,30,romanian,0,283562,6XVKCQ
802,81,48,sofia,30,romanian,0,283562,6XVKCQ
143,60,55,sofia,30,romanian,0,283562,6XVKCQ
899,87,47,sofia,30,romanian,0,283562,6XVKCQ
470,62,38,sofia,30,romanian,0,283562,6XVKCQ
25,133,106,sofia,30,romanian,0,283562,6XVKCQ
13,57,26,sofia,30,romanian,0,283562,6XVKCQ
383,43,69,sofia,30,romanian,0,283562,6XVKCQ
262,83,50,sofia,30,romanian,0,283562,6XVKCQ
554,45,58,sofia,30,romanian,0,283562,6XVKCQ
984,61,25,sofia,30,romanian,0,283562,6XVKCQ
137,45,25,sofia,30,romanian,0,283562,6XVKCQ
574,64,23,sofia,30,romanian,0,283562,6XVKCQ
287,149,103,sofia,30,romanian,0,283562,6XVKCQ
141,88,58,sofia,30,romanian,0,283562,6XVKCQ
107,45,25,sofia,30,romanian,0,283562,6XVKCQ
109,84,56,sofia,30,romanian,0,283562,6XVKCQ
883,113,70,sofia,30,romanian,0,283562,6XVKCQ
472,46,76,sofia,30,romanian,0,283562,6XVKCQ
272,49,22,sofia,30,romanian,0,283562,6XVKCQ
44,50,19,sofia,30,romanian,0,283562,6XVKCQ
302,60,70,sofia,30,romanian,0,283562,6XVKCQ
871,84,58,sofia,30,romanian,0,283562,6XVKCQ
270,108,65,sofia,30,romanian,0,283562,6XVKCQ
459,87,54,sofia,30,romanian,0,283562,6XVKCQ
416,93,50,sofia,30,romanian,0,283562,6XVKCQ
337,83,61,sofia,30,romanian,0,283562,6XVKCQ
923,45,41,sofia,30,romanian,0,283562,6XVKCQ
852,48,22,sofia,30,romanian,0,283562,6XVKCQ
304,90,81,sofia,30,romanian,0,283562,6XVKCQ
353,44,31,sofia,30,romanian,0,283562,6XVKCQ
145,81,58,sofia,30,romanian,0,283562,6XVKCQ
608,89,48,sofia,30,romanian,0,283562,6XVKCQ
203,100,71,sofia,30,romanian,0,283562,6XVKCQ
190,46,22,sofia,30,romanian,0,283562,6XVKCQ
815,154,105,sofia,30,romanian,0,283562,6XVKCQ
201,85,46,sofia,30,romanian,0,283562,6XVKCQ
649,136,126,sofia,30,romanian,0,283562,6XVKCQ
683,89,60,sofia,30,romanian,0,283562,6XVKCQ
764,61,25,sofia,30,romanian,0,283562,6XVKCQ
590,83,59,sofia,30,romanian,0,283562,6XVKCQ
862,62,43,sofia,30,romanian,0,283562,6XVKCQ
601,63,40,sofia,30,romanian,0,283562,6XVKCQ
665,59,37,sofia,30,romanian,0,283562,6XVKCQ
814,138,111,sofia,30,romanian,0,283562,6XVKCQ
4,44,22,sofia,30,romanian,0,283562,6XVKCQ
4,44,20,sofia,29,romanian,0,283562,6XVKCQ
208,66,25,sofia,29,romanian,0,283562,6XVKCQ
574,64,22,sofia,29,romanian,0,283562,6XVKCQ
802,81,44,sofia,29,romanian,0,283562,6XVKCQ
923,47,38,sofia,29,romanian,0,283562,6XVKCQ
968,106,63,sofia,29,romanian,0,283562,6XVKCQ
416,97,47,sofia,29,romanian,0,283562,6XVKCQ
597,144,99,sofia,29,romanian,0,283562,6XVKCQ
262,87,46,sofia,29,romanian,0,283562,6XVKCQ
201,85,42,sofia,29,romanian,0,283562,6XVKCQ
852,48,21,sofia,29,romanian,0,283562,6XVKCQ
44,50,17,sofia,29,romanian,0,283562,6XVKCQ
145,81,52,sofia,29,romanian,0,283562,6XVKCQ
337,83,57,sofia,29,romanian,0,283562,6XVKCQ
353,44,29,sofia,29,romanian,0,283562,6XVKCQ
653,98,71,sofia,29,romanian,0,283562,6XVKCQ
764,61,23,sofia,29,romanian,0,283562,6XVKCQ
649,136,116,sofia,29,romanian,0,283562,6XVKCQ
181,82,72,sofia,29,romanian,0,283562,6XVKCQ
554,45,54,sofia,29,romanian,0,283562,6XVKCQ
814,138,102,sofia,29,romanian,0,283562,6XVKCQ
665,59,34,sofia,29,romanian,0,283562,6XVKCQ
302,60,68,sofia,29,romanian,0,283562,6XVKCQ
25,133,99,sofia,29,romanian,0,283562,6XVKCQ
470,66,35,sofia,29,romanian,0,283562,6XVKCQ
601,63,36,sofia,29,romanian,0,283562,6XVKCQ
304,90,76,sofia,29,romanian,0,283562,6XVKCQ
542,66,36,sofia,29,romanian,0,283562,6XVKCQ
984,61,23,sofia,29,romanian,0,283562,6XVKCQ
883,113,65,sofia,29,romanian,0,283562,6XVKCQ
383,43,66,sofia,29,romanian,0,283562,6XVKCQ
109,84,52,sofia,29,romanian,0,283562,6XVKCQ
472,46,70,sofia,29,romanian,0,283562,6XVKCQ
862,62,39,sofia,29,romanian,0,283562,6XVKCQ
553,95,28,sofia,29,romanian,0,283562,6XVKCQ
272,49,20,sofia,29,romanian,0,283562,6XVKCQ
683,89,55,sofia,29,romanian,0,283562,6XVKCQ
287,149,94,sofia,29,romanian,0,283562,6XVKCQ
203,100,66,sofia,29,romanian,0,283562,6XVKCQ
143,60,53,sofia,29,romanian,0,283562,6XVKCQ
608,89,46,sofia,29,romanian,0,283562,6XVKCQ
107,45,23,sofia,29,romanian,0,283562,6XVKCQ
899,87,42,sofia,29,romanian,0,283562,6XVKCQ
590,85,55,sofia,29,romanian,0,283562,6XVKCQ
190,46,19,sofia,29,romanian,0,283562,6XVKCQ
270,108,59,sofia,29,romanian,0,283562,6XVKCQ
637,61,27,sofia,29,romanian,0,283562,6XVKCQ
13,57,24,sofia,29,romanian,0,283562,6XVKCQ
544,66,20,sofia,29,romanian,0,283562,6XVKCQ
578,102,69,sofia,29,romanian,0,283562,6XVKCQ
459,87,50,sofia,29,romanian,0,283562,6XVKCQ
815,154,96,sofia,29,romanian,0,283562,6XVKCQ
137,45,23,sofia,29,romanian,0,283562,6XVKCQ
141,88,54,sofia,29,romanian,0,283562,6XVKCQ
871,84,54,sofia,29,romanian,0,283562,6XVKCQ
899,90,39,sofia,28,romanian,0,283562,6XVKCQ
13,57,23,sofia,28,romanian,0,283562,6XVKCQ
883,113,60,sofia,28,romanian,0,283562,6XVKCQ
262,87,44,sofia,28,romanian,0,283562,6XVKCQ
459,87,45,sofia,28,romanian,0,283562,6XVKCQ
272,49,18,sofia,28,romanian,0,283562,6XVKCQ
649,136,108,sofia,28,romanian,0,283562,6XVKCQ
287,149,83,sofia,28,romanian,0,283562,6XVKCQ
472,46,63,sofia,28,romanian,0,283562,6XVKCQ
968,106,57,sofia,28,romanian,0,283562,6XVKCQ
25,133,91,sofia,28,romanian,0,283562,6XVKCQ
608,89,44,sofia,28,romanian,0,283562,6XVKCQ
190,46,17,sofia,28,romanian,0,283562,6XVKCQ
109,84,49,sofia,28,romanian,0,283562,6XVKCQ
590,85,51,sofia,28,romanian,0,283562,6XVKCQ
542,66,31,sofia,28,romanian,0,283562,6XVKCQ
544,66,18,sofia,28,romanian,0,283562,6XVKCQ
802,84,41,sofia,28,romanian,0,283562,6XVKCQ
107,45,22,sofia,28,romanian,0,283562,6XVKCQ
383,43,62,sofia,28,romanian,0,283562,6XVKCQ
871,84,50,sofia,28,romanian,0,283562,6XVKCQ
665,59,31,sofia,28,romanian,0,283562,6XVKCQ
270,108,52,sofia,28,romanian,0,283562,6XVKCQ
984,62,21,sofia,28,romanian,0,283562,6XVKCQ
304,90,73,sofia,28,romanian,0,283562,6XVKCQ
862,62,36,sofia,28,romanian,0,283562,6XVKCQ
815,154,87,sofia,28,romanian,0,283562,6XVKCQ
203,100,62,sofia,28,romanian,0,283562,6XVKCQ
683,89,51,sofia,28,romanian,0,283562,6XVKCQ
470,66,32,sofia,28,romanian,0,283562,6XVKCQ
653,98,66,sofia,28,romanian,0,283562,6XVKCQ
181,82,70,sofia,28,romanian,0,283562,6XVKCQ
852,48,19,sofia,28,romanian,0,283562,6XVKCQ
574,64,20,sofia,28,romanian,0,283562,6XVKCQ
353,44,28,sofia,28,romanian,0,283562,6XVKCQ
416,97,44,sofia,28,romanian,0,283562,6XVKCQ
4,44,18,sofia,28,romanian,0,283562,6XVKCQ
143,60,51,sofia,28,romanian,0,283562,6XVKCQ
637,61,26,sofia,28,romanian,0,283562,6XVKCQ
302,60,64,sofia,28,romanian,0,283562,6XVKCQ
201,85,40,sofia,28,romanian,0,283562,6XVKCQ
44,50,16,sofia,28,romanian,0,283562,6XVKCQ
578,102,64,sofia,28,romanian,0,283562,6XVKCQ
145,84,46,sofia,28,romanian,0,283562,6XVKCQ
554,45,48,sofia,28,romanian,0,283562,6XVKCQ
208,66,24,sofia,28,romanian,0,283562,6XVKCQ
137,45,21,sofia,28,romanian,0,283562,6XVKCQ
141,88,49,sofia,28,romanian,0,283562,6XVKCQ
923,47,35,sofia,28,romanian,0,283562,6XVKCQ
597,144,91,sofia,28,romanian,0,283562,6XVKCQ
814,138,93,sofia,28,romanian,0,283562,6XVKCQ
553,95,26,sofia,28,romanian,0,283562,6XVKCQ
337,83,53,sofia,28,romanian,0,283562,6XVKCQ
601,66,33,sofia,28,romanian,0,283562,6XVKCQ
764,61,21,sofia,28,romanian,0,283562,6XVKCQ
637,61,25,sofia,27,romanian,0,283562,6XVKCQ
201,85,37,sofia,27,romanian,0,283562,6XVKCQ
137,45,19,sofia,27,romanian,0,283562,6XVKCQ
416,97,41,sofia,27,romanian,0,283562,6XVKCQ
544,66,16,sofia,27,romanian,0,283562,6XVKCQ
653,98,61,sofia,27,romanian,0,283562,6XVKCQ
542,66,26,sofia,27,romanian,0,283562,6XVKCQ
590,85,47,sofia,27,romanian,0,283562,6XVKCQ
597,144,83,sofia,27,romanian,0,283562,6XVKCQ
304,90,70,sofia,27,romanian,0,283562,6XVKCQ
302,60,62,sofia,27,romanian,0,283562,6XVKCQ
107,45,20,sofia,27,romanian,0,283562,6XVKCQ
601,66,31,sofia,27,romanian,0,283562,6XVKCQ
383,43,58,sofia,27,romanian,0,283562,6XVKCQ
852,48,18,sofia,27,romanian,0,283562,6XVKCQ
883,113,56,sofia,27,romanian,0,283562,6XVKCQ
181,82,67,sofia,27,romanian,0,283562,6XVKCQ
470,68,29,sofia,27,romanian,0,283562,6XVKCQ
683,89,48,sofia,27,romanian,0,283562,6XVKCQ
270,112,48,sofia,27,romanian,0,283562,6XVKCQ
764,61,20,sofia,27,romanian,0,283562,6XVKCQ
459,90,42,sofia,27,romanian,0,283562,6XVKCQ
143,60,48,sofia,27,romanian,0,283562,6XVKCQ
862,62,31,sofia,27,romanian,0,283562,6XVKCQ
272,49,16,sofia,27,romanian,0,283562,6XVKCQ
141,88,45,sofia,27,romanian,0,283562,6XVKCQ
287,155,76,sofia,27,romanian,0,283562,6XVKCQ
665,59,28,sofia,27,romanian,0,283562,6XVKCQ
814,138,83,sofia,27,romanian,0,283562,6XVKCQ
802,84,38,sofia,27,romanian,0,283562,6XVKCQ
109,84,46,sofia,27,romanian,0,283562,6XVKCQ
13,57,21,sofia,27,romanian,0,283562,6XVKCQ
25,133,82,sofia,27,romanian,0,283562,6XVKCQ
871,84,46,sofia,27,romanian,0,283562,6XVKCQ
337,83,49,sofia,27,romanian,0,283562,6XVKCQ
984,62,20,sofia,27,romanian,0,283562,6XVKCQ
208,66,22,sofia,27,romanian,0,283562,6XVKCQ
554,45,43,sofia,27,romanian,0,283562,6XVKCQ
553,95,24,sofia,27,romanian,0,283562,6XVKCQ
815,154,78,sofia,27,romanian,0,283562,6XVKCQ
472,46,57,sofia,27,romanian,0,283562,6XVKCQ
44,52,15,sofia,27,romanian,0,283562,6XVKCQ
608,89,42,sofia,27,romanian,0,283562,6XVKCQ
899,90,36,sofia,27,romanian,0,283562,6XVKCQ
578,102,60,sofia,27,romanian,0,283562,6XVKCQ
145,88,42,sofia,27,romanian,0,283562,6XVKCQ
262,87,40,sofia,27,romanian,0,283562,6XVKCQ
353,44,27,sofia,27,romanian,0,283562,6XVKCQ
574,64,18,sofia,27,romanian,0,283562,6XVKCQ
968,106,50,sofia,27,romanian,0,283562,6XVKCQ
203,100,57,sofia,27,romanian,0,283562,6XVKCQ
649,136,101,sofia,27,romanian,0,283562,6XVKCQ
923,47,32,sofia,27,romanian,0,283562,6XVKCQ
190,48,15,sofia,27,romanian,0,283562,6XVKCQ
4,44,16,sofia,27,romanian,0,283562,6XVKCQ
597,144,74,sofia,26,romanian,0,283562,6XVKCQ
190,50,13,sofia,26,romanian,0,283562,6XVKCQ
472,46,51,sofia,26,romanian,0,283562,6XVKCQ
649,136,93,sofia,26,romanian,0,283562,6XVKCQ
968,106,46,sofia,26,romanian,0,283562,6XVKCQ
544,66,15,sofia,26,romanian,0,283562,6XVKCQ
416,97,38,sofia,26,romanian,0,283562,6XVKCQ
764,61,19,sofia,26,romanian,0,283562,6XVKCQ
653,98,55,sofia,26,romanian,0,283562,6XVKCQ
637,61,24,sofia,26,romanian,0,283562,6XVKCQ
899,90,34,sofia,26,romanian,0,283562,6XVKCQ
871,84,43,sofia,26,romanian,0,283562,6XVKCQ
802,84,35,sofia,26,romanian,0,283562,6XVKCQ
554,46,38,sofia,26,romanian,0,283562,6XVKCQ
923,49,29,sofia,26,romanian,0,283562,6XVKCQ
141,88,41,sofia,26,romanian,0,283562,6XVKCQ
203,100,53,sofia,26,romanian,0,283562,6XVKCQ
270,112,45,sofia,26,romanian,0,283562,6XVKCQ
287,155,68,sofia,26,romanian,0,283562,6XVKCQ
181,82,64,sofia,26,romanian,0,283562,6XVKCQ
262,87,38,sofia,26,romanian,0,283562,6XVKCQ
470,68,27,sofia,26,romanian,0,283562,6XVKCQ
883,113,52,sofia,26,romanian,0,283562,6XVKCQ
145,88,40,sofia,26,romanian,0,283562,6XVKCQ
201,85,35,sofia,26,romanian,0,283562,6XVKCQ
13,57,20,sofia,26,romanian,0,283562,6XVKCQ
337,83,45,sofia,26,romanian,0,283562,6XVKCQ
683,89,46,sofia,26,romanian,0,283562,6XVKCQ
553,95,22,sofia,26,romanian,0,283562,6XVKCQ
109,84,42,sofia,26,romanian,0,283562,6XVKCQ
542,66,22,sofia,26,romanian,0,283562,6XVKCQ
601,66,28,sofia,26,romanian,0,283562,6XVKCQ
665,59,24,sofia,26,romanian,0,283562,6XVKCQ
4,44,14,sofia,26,romanian,0,283562,6XVKCQ
353,44,25,sofia,26,romanian,0,283562,6XVKCQ
208,66,21,sofia,26,romanian,0,283562,6XVKCQ
383,43,54,sofia,26,romanian,0,283562,6XVKCQ
302,60,60,sofia,26,romanian,0,283562,6XVKCQ
107,45,19,sofia,26,romanian,0,283562,6XVKCQ
137,46,17,sofia,26,romanian,0,283562,6XVKCQ
984,62,18,sofia,26,romanian,0,283562,6XVKCQ
590,85,44,sofia,26,romanian,0,283562,6XVKCQ
862,65,28,sofia,26,romanian,0,283562,6XVKCQ
44,52,13,sofia,26,romanian,0,283562,6XVKCQ
578,102,56,sofia,26,romanian,0,283562,6XVKCQ
608,89,40,sofia,26,romanian,0,283562,6XVKCQ
25,133,72,sofia,26,romanian,0,283562,6XVKCQ
852,48,17,sofia,26,romanian,0,283562,6XVKCQ
815,154,68,sofia,26,romanian,0,283562,6XVKCQ
272,49,15,sofia,26,romanian,0,283562,6XVKCQ
459,90,38,sofia,26,romanian,0,283562,6XVKCQ
814,143,76,sofia,26,romanian,0,283562,6XVKCQ
574,65,17,sofia,26,romanian,0,283562,6XVKCQ
304,90,67,sofia,26,romanian,0,283562,6XVKCQ
143,60,46,sofia,26,romanian,0,283562,6XVKCQ
13,57,19,sofia,25,romanian,0,283562,6XVKCQ
871,84,40,sofia,25,romanian,0,283562,6XVKCQ
143,60,44,sofia,25,romanian,0,283562,6XVKCQ
109,84,39,sofia,25,romanian,0,283562,6XVKCQ
208,66,19,sofia,25,romanian,0,283562,6XVKCQ
44,52,12,sofia,25,romanian,0,283562,6XVKCQ
802,86,32,sofia,25,romanian,0,283562,6XVKCQ
304,90,64,sofia,25,romanian,0,283562,6XVKCQ
141,89,38,sofia,25,romanian,0,283562,6XVKCQ
554,46,34,sofia,25,romanian,0,283562,6XVKCQ
814,143,70,sofia,25,romanian,0,283562,6XVKCQ
145,88,36,sofia,25,romanian,0,283562,6XVKCQ
649,136,86,sofia,25,romanian,0,283562,6XVKCQ
544,66,13,sofia,25,romanian,0,283562,6XVKCQ
383,45,50,sofia,25,romanian,0,283562,6XVKCQ
968,106,41,sofia,25,romanian,0,283562,6XVKCQ
653,102,51,sofia,25,romanian,0,283562,6XVKCQ
764,61,17,sofia,25,romanian,0,283562,6XVKCQ
470,68,25,sofia,25,romanian,0,283562,6XVKCQ
302,60,57,sofia,25,romanian,0,283562,6XVKCQ
181,82,61,sofia,25,romanian,0,283562,6XVKCQ
137,46,15,sofia,25,romanian,0,283562,6XVKCQ
287,161,63,sofia,25,romanian,0,283562,6XVKCQ
353,44,24,sofia,25,romanian,0,283562,6XVKCQ
683,89,43,sofia,25,romanian,0,283562,6XVKCQ
883,113,48,sofia,25,romanian,0,283562,6XVKCQ
25,138,64,sofia,25,romanian,0,283562,6XVKCQ
923,49,27,sofia,25,romanian,0,283562,6XVKCQ
190,50,12,sofia,25,romanian,0,283562,6XVKCQ
272,49,13,sofia,25,romanian,0,283562,6XVKCQ
459,90,36,sofia,25,romanian,0,283562,6XVKCQ
270,112,41,sofia,25,romanian,0,283562,6XVKCQ
416,97,36,sofia,25,romanian,0,283562,6XVKCQ
852,48,16,sofia,25,romanian,0,283562,6XVKCQ
608,89,38,sofia,25,romanian,0,283562,6XVKCQ
862,68,26,sofia,25,romanian,0,283562,6XVKCQ
637,61,23,sofia,25,romanian,0,283562,6XVKCQ
665,61,22,sofia,25,romanian,0,283562,6XVKCQ
597,150,66,sofia,25,romanian,0,283562,6XVKCQ
201,85,33,sofia,25,romanian,0,283562,6XVKCQ
542,66,19,sofia,25,romanian,0,283562,6XVKCQ
578,102,51,sofia,25,romanian,0,283562,6XVKCQ
553,99,21,sofia,25,romanian,0,283562,6XVKCQ
574,65,15,sofia,25,romanian,0,283562,6XVKCQ
472,46,45,sofia,25,romanian,0,283562,6XVKCQ
262,87,34,sofia,25,romanian,0,283562,6XVKCQ
107,46,17,sofia,25,romanian,0,283562,6XVKCQ
337,83,42,sofia,25,romanian,0,283562,6XVKCQ
4,44,12,sofia,25,romanian,0,283562,6XVKCQ
899,90,32,sofia,25,romanian,0,283562,6XVKCQ
203,100,48,sofia,25,romanian,0,283562,6XVKCQ
601,66,26,sofia,25,romanian,0,283562,6XVKCQ
984,62,16,sofia,25,romanian,0,283562,6XVKCQ
815,168,62,sofia,25,romanian,0,283562,6XVKCQ
590,85,40,sofia,25,romanian,0,283562,6XVKCQ
984,62,15,sofia,24,romanian,0,283562,6XVKCQ
270,112,38,sofia,24,romanian,0,283562,6XVKCQ
337,83,38,sofia,24,romanian,0,283562,6XVKCQ
472,46,38,sofia,24,romanian,0,283562,6XVKCQ
764,64,16,sofia,24,romanian,0,283562,6XVKCQ
383,45,46,sofia,24,romanian,0,283562,6XVKCQ
25,144,59,sofia,24,romanian,0,283562,6XVKCQ
416,97,34,sofia,24,romanian,0,283562,6XVKCQ
649,136,79,sofia,24,romanian,0,283562,6XVKCQ
883,113,43,sofia,24,romanian,0,283562,6XVKCQ
542,66,16,sofia,24,romanian,0,283562,6XVKCQ
637,61,22,sofia,24,romanian,0,283562,6XVKCQ
653,102,47,sofia,24,romanian,0,283562,6XVKCQ
553,99,20,sofia,24,romanian,0,283562,6XVKCQ
852,48,16,sofia,24,romanian,0,283562,6XVKCQ
143,60,42,sofia,24,romanian,0,283562,6XVKCQ
470,68,23,sofia,24,romanian,0,283562,6XVKCQ
203,100,43,sofia,24,romanian,0,283562,6XVKCQ
814,143,64,sofia,24,romanian,0,283562,6XVKCQ
815,168,57,sofia,24,romanian,0,283562,6XVKCQ
107,46,16,sofia,24,romanian,0,283562,6XVKCQ
802,86,28,sofia,24,romanian,0,283562,6XVKCQ
862,68,24,sofia,24,romanian,0,283562,6XVKCQ
544,66,12,sofia,24,romanian,0,283562,6XVKCQ
109,84,35,sofia,24,romanian,0,283562,6XVKCQ
353,44,23,sofia,24,romanian,0,283562,6XVKCQ
899,90,29,sofia,24,romanian,0,283562,6XVKCQ
141,89,34,sofia,24,romanian,0,283562,6XVKCQ
181,82,58,sofia,24,romanian,0,283562,6XVKCQ
459,90,32,sofia,24,romanian,0,283562,6XVKCQ
304,90,62,sofia,24,romanian,0,283562,6XVKCQ
608,89,36,sofia,24,romanian,0,283562,6XVKCQ
923,49,25,sofia,24,romanian,0,283562,6XVKCQ
208,66,18,sofia,24,romanian,0,283562,6XVKCQ
4,44,10,sofia,24,romanian,0,283562,6XVKCQ
190,54,10,sofia,24,romanian,0,283562,6XVKCQ
44,52,11,sofia,24,romanian,0,283562,6XVKCQ
145,88,33,sofia,24,romanian,0,283562,6XVKCQ
871,84,37,sofia,24,romanian,0,283562,6XVKCQ
302,60,54,sofia,24,romanian,0,283562,6XVKCQ
597,156,60,sofia,24,romanian,0,283562,6XVKCQ
201,85,31,sofia,24,romanian,0,283562,6XVKCQ
13,57,17,sofia,24,romanian,0,283562,6XVKCQ
287,161,58,sofia,24,romanian,0,283562,6XVKCQ
578,102,46,sofia,24,romanian,0,283562,6XVKCQ
272,49,11,sofia,24,romanian,0,283562,6XVKCQ
262,87,30,sofia,24,romanian,0,283562,6XVKCQ
683,89,41,sofia,24,romanian,0,283562,6XVKCQ
968,106,36,sofia,24,romanian,0,283562,6XVKCQ
665,61,20,sofia,24,romanian,0,283562,6XVKCQ
574,65,14,sofia,24,romanian,0,283562,6XVKCQ
554,46,30,sofia,24,romanian,0,283562,6XVKCQ
137,46,14,sofia,24,romanian,0,283562,6XVKCQ
601,66,24,sofia,24,romanian,0,283562,6XVKCQ
590,85,36,sofia,24,romanian,0,283562,6XVKCQ
553,99,18,sofia,23,romanian,0,283562,6XVKCQ
472,46,33,sofia,23,romanian,0,283562,6XVKCQ
208,66,16,sofia,23,romanian,0,283562,6XVKCQ
287,161,52,sofia,23,romanian,0,283562,6XVKCQ
203,100,38,sofia,23,romanian,0,283562,6XVKCQ
181,82,55,sofia,23,romanian,0,283562,6XVKCQ
814,143,58,sofia,23,romanian,0,283562,6XVKCQ
764,64,14,sofia,23,romanian,0,283562,6XVKCQ
852,48,15,sofia,23,romanian,0,283562,6XVKCQ
590,85,33,sofia,23,romanian,0,283562,6XVKCQ
601,66,22,sofia,23,romanian,0,283562,6XVKCQ
383,45,42,sofia,23,romanian,0,283562,6XVKCQ
871,84,34,sofia,23,romanian,0,283562,6XVKCQ
13,57,16,sofia,23,romanian,0,283562,6XVKCQ
302,60,52,sofia,23,romanian,0,283562,6XVKCQ
470,68,21,sofia,23,romanian,0,283562,6XVKCQ
554,46,24,sofia,23,romanian,0,283562,6XVKCQ
665,65,18,sofia,23,romanian,0,283562,6XVKCQ
4,44,8,sofia,23,romanian,0,283562,6XVKCQ
683,89,39,sofia,23,romanian,0,283562,6XVKCQ
984,62,14,sofia,23,romanian,0,283562,6XVKCQ
544,66,10,sofia,23,romanian,0,283562,6XVKCQ
899,90,26,sofia,23,romanian,0,283562,6XVKCQ
574,65,13,sofia,23,romanian,0,283562,6XVKCQ
815,168,53,sofia,23,romanian,0,283562,6XVKCQ
137,46,12,sofia,23,romanian,0,283562,6XVKCQ
304,90,59,sofia,23,romanian,0,283562,6XVKCQ
802,86,25,sofia,23,romanian,0,283562,6XVKCQ
637,61,20,sofia,23,romanian,0,283562,6XVKCQ
649,136,71,sofia,23,romanian,0,283562,6XVKCQ
883,113,40,sofia,23,romanian,0,283562,6XVKCQ
25,144,54,sofia,23,romanian,0,283562,6XVKCQ
653,102,43,sofia,23,romanian,0,283562,6XVKCQ
968,106,30,sofia,23,romanian,0,283562,6XVKCQ
44,52,10,sofia,23,romanian,0,283562,6XVKCQ
109,88,32,sofia,23,romanian,0,283562,6XVKCQ
272,49,9,sofia,23,romanian,0,283562,6XVKCQ
270,112,36,sofia,23,romanian,0,283562,6XVKCQ
923,49,22,sofia,23,romanian,0,283562,6XVKCQ
353,44,22,sofia,23,romanian,0,283562,6XVKCQ
145,88,29,sofia,23,romanian,0,283562,6XVKCQ
578,102,42,sofia,23,romanian,0,283562,6XVKCQ
416,97,32,sofia,23,romanian,0,283562,6XVKCQ
542,66,13,sofia,23,romanian,0,283562,6XVKCQ
141,89,32,sofia,23,romanian,0,283562,6XVKCQ
597,156,54,sofia,23,romanian,0,283562,6XVKCQ
107,46,15,sofia,23,romanian,0,283562,6XVKCQ
337,83,36,sofia,23,romanian,0,283562,6XVKCQ
608,89,34,sofia,23,romanian,0,283562,6XVKCQ
459,90,30,sofia,23,romanian,0,283562,6XVKCQ
143,60,39,sofia,23,romanian,0,283562,6XVKCQ
262,87,26,sofia,23,romanian,0,283562,6XVKCQ
862,68,23,sofia,23,romanian,0,283562,6XVKCQ
190,57,10,sofia,23,romanian,0,283562,6XVKCQ
201,85,29,sofia,23,romanian,0,283562,6XVKCQ
578,102,38,sofia,22,romanian,0,283562,6XVKCQ
470,68,18,sofia,22,romanian,0,283562,6XVKCQ
44,57,9,sofia,22,romanian,0,283562,6XVKCQ
553,101,16,sofia,22,romanian,0,283562,6XVKCQ
802,86,22,sofia,22,romanian,0,283562,6XVKCQ
544,66,8,sofia,22,romanian,0,283562,6XVKCQ
383,45,39,sofia,22,romanian,0,283562,6XVKCQ
107,46,14,sofia,22,romanian,0,283562,6XVKCQ
923,49,20,sofia,22,romanian,0,283562,6XVKCQ
472,46,28,sofia,22,romanian,0,283562,6XVKCQ
665,65,17,sofia,22,romanian,0,283562,6XVKCQ
304,90,55,sofia,22,romanian,0,283562,6XVKCQ
984,62,12,sofia,22,romanian,0,283562,6XVKCQ
13,57,15,sofia,22,romanian,0,283562,6XVKCQ
203,100,33,sofia,22,romanian,0,283562,6XVKCQ
574,65,12,sofia,22,romanian,0,283562,6XVKCQ
683,89,36,sofia,22,romanian,0,283562,6XVKCQ
190,57,9,sofia,22,romanian,0,283562,6XVKCQ
637,61,19,sofia,22,romanian,0,283562,6XVKCQ
4,44,6,sofia,22,romanian,0,283562,6XVKCQ
141,89,29,sofia,22,romanian,0,283562,6XVKCQ
416,97,30,sofia,22,romanian,0,283562,6XVKCQ
208,66,13,sofia,22,romanian,0,283562,6XVKCQ
601,66,20,sofia,22,romanian,0,283562,6XVKCQ
353,44,21,sofia,22,romanian,0,283562,6XVKCQ
883,113,36,sofia,22,romanian,0,283562,6XVKCQ
862,68,21,sofia,22,romanian,0,283562,6XVKCQ
201,85,27,sofia,22,romanian,0,283562,6XVKCQ
262,90,24,sofia,22,romanian,0,283562,6XVKCQ
554,46,19,sofia,22,romanian,0,283562,6XVKCQ
590,87,30,sofia,22,romanian,0,283562,6XVKCQ
181,82,52,sofia,22,romanian,0,283562,6XVKCQ
302,60,48,sofia,22,romanian,0,283562,6XVKCQ
270,112,33,sofia,22,romanian,0,283562,6XVKCQ
653,102,39,sofia,22,romanian,0,283562,6XVKCQ
852,48,14,sofia,22,romanian,0,283562,6XVKCQ
137,46,10,sofia,22,romanian,0,283562,6XVKCQ
143,60,37,sofia,22,romanian,0,283562,6XVKCQ
542,66,10,sofia,22,romanian,0,283562,6XVKCQ
109,88,28,sofia,22,romanian,0,283562,6XVKCQ
337,83,32,sofia,22,romanian,0,283562,6XVKCQ
459,90,26,sofia,22,romanian,0,283562,6XVKCQ
25,144,49,sofia,22,romanian,0,283562,6XVKCQ
871,84,31,sofia,22,romanian,0,283562,6XVKCQ
597,156,49,sofia,22,romanian,0,283562,6XVKCQ
968,111,27,sofia,22,romanian,0,283562,6XVKCQ
815,168,49,sofia,22,romanian,0,283562,6XVKCQ
145,92,26,sofia,22,romanian,0,283562,6XVKCQ
649,136,64,sofia,22,romanian,0,283562,6XVKCQ
764,64,13,sofia,22,romanian,0,283562,6XVKCQ
608,89,32,sofia,22,romanian,0,283562,6XVKCQ
272,49,7,sofia,22,romanian,0,283562,6XVKCQ
287,161,46,sofia,22,romanian,0,283562,6XVKCQ
814,143,51,sofia,22,romanian,0,283562,6XVKCQ
899,90,23,sofia,22,romanian,0,283562,6XVKCQ
574,65,11,sofia,21,romanian,0,283562,6XVKCQ
272,49,6,sofia,21,romanian,0,283562,6XVKCQ
578,102,33,sofia,21,romanian,0,283562,6XVKCQ
287,161,41,sofia,21,romanian,0,283562,6XVKCQ
181,82,50,sofia,21,romanian,0,283562,6XVKCQ
4,44,4,sofia,21,romanian,0,283562,6XVKCQ
203,104,29,sofia,21,romanian,0,283562,6XVKCQ
923,51,18,sofia,21,romanian,0,283562,6XVKCQ
44,57,8,sofia,21,romanian,0,283562,6XVKCQ
984,62,11,sofia,21,romanian,0,283562,6XVKCQ
883,113,33,sofia,21,romanian,0,283562,6XVKCQ
472,46,24,sofia,21,romanian,0,283562,6XVKCQ
553,101,15,sofia,21,romanian,0,283562,6XVKCQ
601,66,18,sofia,21,romanian,0,283562,6XVKCQ
852,48,13,sofia,21,romanian,0,283562,6XVKCQ
802,86,19,sofia,21,romanian,0,283562,6XVKCQ
554,46,14,sofia,21,romanian,0,283562,6XVKCQ
137,46,9,sofia,21,romanian,0,283562,6XVKCQ
637,61,18,sofia,21,romanian,0,283562,6XVKCQ
544,66,6,sofia,21,romanian,0,283562,6XVKCQ
107,46,13,sofia,21,romanian,0,283562,6XVKCQ
968,115,24,sofia,21,romanian,0,283562,6XVKCQ
141,89,26,sofia,21,romanian,0,283562,6XVKCQ
653,102,35,sofia,21,romanian,0,283562,6XVKCQ
208,66,11,sofia,21,romanian,0,283562,6XVKCQ
109,88,24,sofia,21,romanian,0,283562,6XVKCQ
201,85,25,sofia,21,romanian,0,283562,6XVKCQ
383,45,36,sofia,21,romanian,0,283562,6XVKCQ
815,168,45,sofia,21,romanian,0,283562,6XVKCQ
304,90,52,sofia,21,romanian,0,283562,6XVKCQ
353,44,20,sofia,21,romanian,0,283562,6XVKCQ
649,136,58,sofia,21,romanian,0,283562,6XVKCQ
597,156,43,sofia,21,romanian,0,283562,6XVKCQ
416,97,28,sofia,21,romanian,0,283562,6XVKCQ
683,89,34,sofia,21,romanian,0,283562,6XVKCQ
542,66,8,sofia,21,romanian,0,283562,6XVKCQ
13,57,14,sofia,21,romanian,0,283562,6XVKCQ
145,92,24,sofia,21,romanian,0,283562,6XVKCQ
337,83,30,sofia,21,romanian,0,283562,6XVKCQ
590,87,27,sofia,21,romanian,0,283562,6XVKCQ
25,144,43,sofia,21,romanian,0,283562,6XVKCQ
143,60,35,sofia,21,romanian,0,283562,6XVKCQ
302,60,46,sofia,21,romanian,0,283562,6XVKCQ
190,57,8,sofia,21,romanian,0,283562,6XVKCQ
665,65,16,sofia,21,romanian,0,283562,6XVKCQ
459,90,24,sofia,21,romanian,0,283562,6XVKCQ
608,89,30,sofia,21,romanian,0,283562,6XVKCQ
270,112,31,sofia,21,romanian,0,283562,6XVKCQ
862,68,19,sofia,21,romanian,0,283562,6XVKCQ
470,71,17,sofia,21,romanian,0,283562,6XVKCQ
814,143,45,sofia,21,romanian,0,283562,6XVKCQ
190,57,7,sofia,20,romanian,0,283562,6XVKCQ
814,149,40,sofia,20,romanian,0,283562,6XVKCQ
802,86,16,sofia,20,romanian,0,283562,6XVKCQ
608,89,28,sofia,20,romanian,0,283562,6XVKCQ
578,102,27,sofia,20,romanian,0,283562,6XVKCQ
542,66,5,sofia,20,romanian,0,283562,6XVKCQ
4,44,1,sofia,20,romanian,0,283562,6XVKCQ
883,113,30,sofia,20,romanian,0,283562,6XVKCQ
25,156,39,sofia,20,romanian,0,283562,6XVKCQ
653,106,32,sofia,20,romanian,0,283562,6XVKCQ
815,168,41,sofia,20,romanian,0,283562,6XVKCQ
862,68,17,sofia,20,romanian,0,283562,6XVKCQ
649,136,52,sofia,20,romanian,0,283562,6XVKCQ
601,68,16,sofia,20,romanian,0,283562,6XVKCQ
683,89,32,sofia,20,romanian,0,283562,6XVKCQ
637,64,16,sofia,20,romanian,0,283562,6XVKCQ
109,96,22,sofia,20,romanian,0,283562,6XVKCQ
665,70,15,sofia,20,romanian,0,283562,6XVKCQ
353,44,19,sofia,20,romanian,0,283562,6XVKCQ
984,62,9,sofia,20,romanian,0,283562,6XVKCQ
554,46,8,sofia,20,romanian,0,283562,6XVKCQ
590,87,24,sofia,20,romanian,0,283562,6XVKCQ
201,85,23,sofia,20,romanian,0,283562,6XVKCQ
416,97,26,sofia,20,romanian,0,283562,6XVKCQ
208,66,9,sofia,20,romanian,0,283562,6XVKCQ
302,60,42,sofia,20,romanian,0,283562,6XVKCQ
203,108,27,sofia,20,romanian,0,283562,6XVKCQ
470,76,16,sofia,20,romanian,0,283562,6XVKCQ
181,82,47,sofia,20,romanian,0,283562,6XVKCQ
968,129,22,sofia,20,romanian,0,283562,6XVKCQ
459,90,22,sofia,20,romanian,0,283562,6XVKCQ
287,168,38,sofia,20,romanian,0,283562,6XVKCQ
383,45,32,sofia,20,romanian,0,283562,6XVKCQ
337,83,26,sofia,20,romanian,0,283562,6XVKCQ
923,53,16,sofia,20,romanian,0,283562,6XVKCQ
544,66,5,sofia,20,romanian,0,283562,6XVKCQ
272,49,4,sofia,20,romanian,0,283562,6XVKCQ
270,112,29,sofia,20,romanian,0,283562,6XVKCQ
145,92,22,sofia,20,romanian,0,283562,6XVKCQ
472,46,19,sofia,20,romanian,0,283562,6XVKCQ
597,162,38,sofia,20,romanian,0,283562,6XVKCQ
141,89,24,sofia,20,romanian,0,283562,6XVKCQ
137,46,7,sofia,20,romanian,0,283562,6XVKCQ
143,60,33,sofia,20,romanian,0,283562,6XVKCQ
13,57,12,sofia,20,romanian,0,283562,6XVKCQ
574,65,10,sofia,20,romanian,0,283562,6XVKCQ
44,57,7,sofia,20,romanian,0,283562,6XVKCQ
852,48,12,sofia,20,romanian,0,283562,6XVKCQ
553,101,13,sofia,20,romanian,0,283562,6XVKCQ
107,46,11,sofia,20,romanian,0,283562,6XVKCQ
304,90,49,sofia,20,romanian,0,283562,6XVKCQ
190,57,6,sofia,19,romanian,0,283562,6XVKCQ
665,70,14,sofia,19,romanian,0,283562,6XVKCQ
470,76,15,sofia,19,romanian,0,283562,6XVKCQ
287,168,35,sofia,19,romanian,0,283562,6XVKCQ
862,70,16,sofia,19,romanian,0,283562,6XVKCQ
649,136,46,sofia,19,romanian,0,283562,6XVKCQ
4,44,0,sofia,19,romanian,0,283562,6XVKCQ
653,106,29,sofia,19,romanian,0,283562,6XVKCQ
472,46,15,sofia,19,romanian,0,283562,6XVKCQ
590,87,20,sofia,19,romanian,0,283562,6XVKCQ
923,55,15,sofia,19,romanian,0,283562,6XVKCQ
683,89,28,sofia,19,romanian,0,283562,6XVKCQ
814,149,35,sofia,19,romanian,0,283562,6XVKCQ
270,121,27,sofia,19,romanian,0,283562,6XVKCQ
383,45,28,sofia,19,romanian,0,283562,6XVKCQ
302,60,38,sofia,19,romanian,0,283562,6XVKCQ
852,48,12,sofia,19,romanian,0,283562,6XVKCQ
109,96,20,sofia,19,romanian,0,283562,6XVKCQ
181,82,44,sofia,19,romanian,0,283562,6XVKCQ
554,46,3,sofia,19,romanian,0,283562,6XVKCQ
601,68,14,sofia,19,romanian,0,283562,6XVKCQ
416,97,24,sofia,19,romanian,0,283562,6XVKCQ
968,129,21,sofia,19,romanian,0,283562,6XVKCQ
984,62,8,sofia,19,romanian,0,283562,6XVKCQ
201,85,20,sofia,19,romanian,0,283562,6XVKCQ
883,113,27,sofia,19,romanian,0,283562,6XVKCQ
574,65,9,sofia,19,romanian,0,283562,6XVKCQ
597,169,34,sofia,19,romanian,0,283562,6XVKCQ
272,49,2,sofia,19,romanian,0,283562,6XVKCQ
143,60,31,sofia,19,romanian,0,283562,6XVKCQ
802,86,13,sofia,19,romanian,0,283562,6XVKCQ
13,57,11,sofia,19,romanian,0,283562,6XVKCQ
44,57,6,sofia,19,romanian,0,283562,6XVKCQ
459,90,20,sofia,19,romanian,0,283562,6XVKCQ
25,156,35,sofia,19,romanian,0,283562,6XVKCQ
145,92,20,sofia,19,romanian,0,283562,6XVKCQ
141,89,22,sofia,19,romanian,0,283562,6XVKCQ
578,119,26,sofia,19,romanian,0,283562,6XVKCQ
203,121,25,sofia,19,romanian,0,283562,6XVKCQ
304,90,46,sofia,19,romanian,0,283562,6XVKCQ
137,46,5,sofia,19,romanian,0,283562,6XVKCQ
208,66,8,sofia,19,romanian,0,283562,6XVKCQ
608,89,26,sofia,19,romanian,0,283562,6XVKCQ
337,83,23,sofia,19,romanian,0,283562,6XVKCQ
637,64,15,sofia,19,romanian,0,283562,6XVKCQ
107,47,10,sofia,19,romanian,0,283562,6XVKCQ
815,168,37,sofia,19,romanian,0,283562,6XVKCQ
544,66,3,sofia,19,romanian,0,283562,6XVKCQ
553,101,12,sofia,19,romanian,0,283562,6XVKCQ
542,66,2,sofia,19,romanian,0,283562,6XVKCQ
353,44,18,sofia,19,romanian,0,283562,6XVKCQ
416,97,22,sofia,18,romanian,0,283562,6XVKCQ
637,64,14,sofia,18,romanian,0,283562,6XVKCQ
272,49,1,sofia,18,romanian,0,283562,6XVKCQ
201,89,18,sofia,18,romanian,0,283562,6XVKCQ
544,66,2,sofia,18,romanian,0,283562,6XVKCQ
814,155,30,sofia,18,romanian,0,283562,6XVKCQ
190,57,6,sofia,18,romanian,0,283562,6XVKCQ
203,121,24,sofia,18,romanian,0,283562,6XVKCQ
802,86,10,sofia,18,romanian,0,283562,6XVKCQ
181,82,41,sofia,18,romanian,0,283562,6XVKCQ
665,70,14,sofia,18,romanian,0,283562,6XVKCQ
459,90,18,sofia,18,romanian,0,283562,6XVKCQ
109,96,18,sofia,18,romanian,0,283562,6XVKCQ
553,101,10,sofia,18,romanian,0,283562,6XVKCQ
649,136,40,sofia,18,romanian,0,283562,6XVKCQ
383,45,24,sofia,18,romanian,0,283562,6XVKCQ
852,48,11,sofia,18,romanian,0,283562,6XVKCQ
597,169,30,sofia,18,romanian,0,283562,6XVKCQ
923,55,14,sofia,18,romanian,0,283562,6XVKCQ
145,92,18,sofia,18,romanian,0,283562,6XVKCQ
862,70,14,sofia,18,romanian,0,283562,6XVKCQ
683,89,26,sofia,18,romanian,0,283562,6XVKCQ
25,156,30,sofia,18,romanian,0,283562,6XVKCQ
270,121,26,sofia,18,romanian,0,283562,6XVKCQ
353,44,18,sofia,18,romanian,0,283562,6XVKCQ
107,47,9,sofia,18,romanian,0,283562,6XVKCQ
4,44,0,sofia,18,romanian,0,283562,6XVKCQ
141,89,20,sofia,18,romanian,0,283562,6XVKCQ
337,87,20,sofia,18,romanian,0,283562,6XVKCQ
44,57,5,sofia,18,romanian,0,283562,6XVKCQ
13,61,10,sofia,18,romanian,0,283562,6XVKCQ
137,46,3,sofia,18,romanian,0,283562,6XVKCQ
287,168,32,sofia,18,romanian,0,283562,6XVKCQ
984,62,7,sofia,18,romanian,0,283562,6XVKCQ
601,71,12,sofia,18,romanian,0,283562,6XVKCQ
815,168,33,sofia,18,romanian,0,283562,6XVKCQ
578,119,24,sofia,18,romanian,0,283562,6XVKCQ
608,89,24,sofia,18,romanian,0,283562,6XVKCQ
143,60,30,sofia,18,romanian,0,283562,6XVKCQ
968,129,20,sofia,18,romanian,0,283562,6XVKCQ
590,87,17,sofia,18,romanian,0,283562,6XVKCQ
302,60,35,sofia,18,romanian,0,283562,6XVKCQ
554,46,0,sofia,18,romanian,0,283562,6XVKCQ
470,76,14,sofia,18,romanian,0,283562,6XVKCQ
472,46,10,sofia,18,romanian,0,283562,6XVKCQ
574,65,7,sofia,18,romanian,0,283562,6XVKCQ
653,106,27,sofia,18,romanian,0,283562,6XVKCQ
208,66,6,sofia,18,romanian,0,283562,6XVKCQ
542,66,0,sofia,18,romanian,0,283562,6XVKCQ
883,113,24,sofia,18,romanian,0,283562,6XVKCQ
304,90,43,sofia,18,romanian,0,283562,6XVKCQ
578,119,23,sofia,17,romanian,0,283562,6XVKCQ
109,103,17,sofia,17,romanian,0,283562,6XVKCQ
553,101,8,sofia,17,romanian,0,283562,6XVKCQ
383,45,20,sofia,17,romanian,0,283562,6XVKCQ
25,162,26,sofia,17,romanian,0,283562,6XVKCQ
270,121,24,sofia,17,romanian,0,283562,6XVKCQ
353,44,17,sofia,17,romanian,0,283562,6XVKCQ
137,46,0,sofia,17,romanian,0,283562,6XVKCQ
337,87,18,sofia,17,romanian,0,283562,6XVKCQ
554,46,0,sofia,17,romanian,0,283562,6XVKCQ
4,44,0,sofia,17,romanian,0,283562,6XVKCQ
272,49,0,sofia,17,romanian,0,283562,6XVKCQ
472,46,6,sofia,17,romanian,0,283562,6XVKCQ
208,66,5,sofia,17,romanian,0,283562,6XVKCQ
544,66,1,sofia,17,romanian,0,283562,6XVKCQ
201,89,17,sofia,17,romanian,0,283562,6XVKCQ
302,60,31,sofia,17,romanian,0,283562,6XVKCQ
608,89,21,sofia,17,romanian,0,283562,6XVKCQ
862,78,13,sofia,17,romanian,0,283562,6XVKCQ
653,106,24,sofia,17,romanian,0,283562,6XVKCQ
145,103,17,sofia,17,romanian,0,283562,6XVKCQ
637,64,12,sofia,17,romanian,0,283562,6XVKCQ
968,129,18,sofia,17,romanian,0,283562,6XVKCQ
852,48,10,sofia,17,romanian,0,283562,6XVKCQ
141,89,17,sofia,17,romanian,0,283562,6XVKCQ
597,169,26,sofia,17,romanian,0,283562,6XVKCQ
649,136,34,sofia,17,romanian,0,283562,6XVKCQ
143,60,28,sofia,17,romanian,0,283562,6XVKCQ
590,87,14,sofia,17,romanian,0,283562,6XVKCQ
802,86,6,sofia,17,romanian,0,283562,6XVKCQ
574,65,6,sofia,17,romanian,0,283562,6XVKCQ
287,168,29,sofia,17,romanian,0,283562,6XVKCQ
683,89,22,sofia,17,romanian,0,283562,6XVKCQ
665,70,14,sofia,17,romanian,0,283562,6XVKCQ
815,168,29,sofia,17,romanian,0,283562,6XVKCQ
44,57,4,sofia,17,romanian,0,283562,6XVKCQ
416,97,20,sofia,17,romanian,0,283562,6XVKCQ
984,62,6,sofia,17,romanian,0,283562,6XVKCQ
107,48,8,sofia,17,romanian,0,283562,6XVKCQ
13,61,9,sofia,17,romanian,0,283562,6XVKCQ
203,121,22,sofia,17,romanian,0,283562,6XVKCQ
542,66,0,sofia,17,romanian,0,283562,6XVKCQ
923,55,12,sofia,17,romanian,0,283562,6XVKCQ
601,71,10,sofia,17,romanian,0,283562,6XVKCQ
883,113,22,sofia,17,romanian,0,283562,6XVKCQ
459,90,17,sofia,17,romanian,0,283562,6XVKCQ
814,161,26,sofia,17,romanian,0,283562,6XVKCQ
470,76,14,sofia,17,romanian,0,283562,6XVKCQ
304,90,41,sofia,17,romanian,0,283562,6XVKCQ
190,57,5,sofia,17,romanian,0,283562,6XVKCQ
181,82,38,sofia,17,romanian,0,283562,6XVKCQ
208,66,3,sofia,16,romanian,0,283562,6XVKCQ
302,61,27,sofia,16,romanian,0,283562,6XVKCQ
578,119,22,sofia,16,romanian,0,283562,6XVKCQ
304,90,38,sofia,16,romanian,0,283562,6XVKCQ
470,76,13,sofia,16,romanian,0,283562,6XVKCQ
472,46,3,sofia,16,romanian,0,283562,6XVKCQ
107,48,7,sofia,16,romanian,0,283562,6XVKCQ
883,113,19,sofia,16,romanian,0,283562,6XVKCQ
13,61,8,sofia,16,romanian,0,283562,6XVKCQ
802,86,3,sofia,16,romanian,0,283562,6XVKCQ
143,60,26,sofia,16,romanian,0,283562,6XVKCQ
337,95,16,sofia,16,romanian,0,283562,6XVKCQ
287,168,26,sofia,16,romanian,0,283562,6XVKCQ
44,57,3,sofia,16,romanian,0,283562,6XVKCQ
272,49,0,sofia,16,romanian,0,283562,6XVKCQ
4,44,0,sofia,16,romanian,0,283562,6XVKCQ
653,106,21,sofia,16,romanian,0,283562,6XVKCQ
459,98,16,sofia,16,romanian,0,283562,6XVKCQ
270,121,23,sofia,16,romanian,0,283562,6XVKCQ
590,87,10,sofia,16,romanian,0,283562,6XVKCQ
665,70,13,sofia,16,romanian,0,283562,6XVKCQ
923,55,11,sofia,16,romanian,0,283562,6XVKCQ
145,103,16,sofia,16,romanian,0,283562,6XVKCQ
814,161,22,sofia,16,romanian,0,283562,6XVKCQ
203,121,21,sofia,16,romanian,0,283562,6XVKCQ
141,89,14,sofia,16,romanian,0,283562,6XVKCQ
190,57,4,sofia,16,romanian,0,283562,6XVKCQ
542,66,0,sofia,16,romanian,0,283562,6XVKCQ
416,97,18,sofia,16,romanian,0,283562,6XVKCQ
25,162,22,sofia,16,romanian,0,283562,6XVKCQ
601,71,9,sofia,16,romanian,0,283562,6XVKCQ
137,46,0,sofia,16,romanian,0,283562,6XVKCQ
608,89,18,sofia,16,romanian,0,283562,6XVKCQ
553,101,7,sofia,16,romanian,0,283562,6XVKCQ
862,78,12,sofia,16,romanian,0,283562,6XVKCQ
852,48,10,sofia,16,romanian,0,283562,6XVKCQ
968,129,17,sofia,16,romanian,0,283562,6XVKCQ
383,45,15,sofia,16,romanian,0,283562,6XVKCQ
201,97,16,sofia,16,romanian,0,283562,6XVKCQ
683,89,18,sofia,16,romanian,0,283562,6XVKCQ
181,82,34,sofia,16,romanian,0,283562,6XVKCQ
649,136,28,sofia,16,romanian,0,283562,6XVKCQ
597,169,22,sofia,16,romanian,0,283562,6XVKCQ
984,62,5,sofia,16,romanian,0,283562,6XVKCQ
353,44,17,sofia,16,romanian,0,283562,6XVKCQ
554,46,0,sofia,16,romanian,0,283562,6XVKCQ
637,64,11,sofia,16,romanian,0,283562,6XVKCQ
574,65,5,sofia,16,romanian,0,283562,6XVKCQ
544,66,0,sofia,16,romanian,0,283562,6XVKCQ
109,103,16,sofia,16,romanian,0,283562,6XVKCQ
815,168,25,sofia,16,romanian,0,283562,6XVKCQ
337,102,14,sofia,15,romanian,0,283562,6XVKCQ
968,129,15,sofia,15,romanian,0,283562,6XVKCQ
13,61,6,sofia,15,romanian,0,283562,6XVKCQ
287,187,24,sofia,15,romanian,0,283562,6XVKCQ
4,44,0,sofia,15,romanian,0,283562,6XVKCQ
143,60,25,sofia,15,romanian,0,283562,6XVKCQ
304,90,36,sofia,15,romanian,0,283562,6XVKCQ
649,148,24,sofia,15,romanian,0,283562,6XVKCQ
814,173,19,sofia,15,romanian,0,283562,6XVKCQ
852,48,9,sofia,15,romanian,0,283562,6XVKCQ
597,182,19,sofia,15,romanian,0,283562,6XVKCQ
923,55,10,sofia,15,romanian,0,283562,6XVKCQ
653,115,19,sofia,15,romanian,0,283562,6XVKCQ
459,98,15,sofia,15,romanian,0,283562,6XVKCQ
542,66,0,sofia,15,romanian,0,283562,6XVKCQ
862,78,12,sofia,15,romanian,0,283562,6XVKCQ
44,57,2,sofia,15,romanian,0,283562,6XVKCQ
470,76,12,sofia,15,romanian,0,283562,6XVKCQ
353,44,17,sofia,15,romanian,0,283562,6XVKCQ
181,86,32,sofia,15,romanian,0,283562,6XVKCQ
601,76,8,sofia,15,romanian,0,283562,6XVKCQ
802,86,0,sofia,15,romanian,0,283562,6XVKCQ
270,121,22,sofia,15,romanian,0,283562,6XVKCQ
109,103,15,sofia,15,romanian,0,283562,6XVKCQ
683,89,16,sofia,15,romanian,0,283562,6XVKCQ
203,121,20,sofia,15,romanian,0,283562,6XVKCQ
883,122,17,sofia,15,romanian,0,283562,6XVKCQ
815,180,22,sofia,15,romanian,0,283562,6XVKCQ
665,70,13,sofia,15,romanian,0,283562,6XVKCQ
590,87,6,sofia,15,romanian,0,283562,6XVKCQ
544,66,0,sofia,15,romanian,0,283562,6XVKCQ
107,48,5,sofia,15,romanian,0,283562,6XVKCQ
608,89,16,sofia,15,romanian,0,283562,6XVKCQ
578,119,22,sofia,15,romanian,0,283562,6XVKCQ
25,175,19,sofia,15,romanian,0,283562,6XVKCQ
472,46,0,sofia,15,romanian,0,283562,6XVKCQ
272,49,0,sofia,15,romanian,0,283562,6XVKCQ
383,45,10,sofia,15,romanian,0,283562,6XVKCQ
190,57,3,sofia,15,romanian,0,283562,6XVKCQ
141,89,12,sofia,15,romanian,0,283562,6XVKCQ
201,97,15,sofia,15,romanian,0,283562,6XVKCQ
208,66,2,sofia,15,romanian,0,283562,6XVKCQ
302,62,24,sofia,15,romanian,0,283562,6XVKCQ
145,103,15,sofia,15,romanian,0,283562,6XVKCQ
553,101,6,sofia,15,romanian,0,283562,6XVKCQ
574,65,4,sofia,15,romanian,0,283562,6XVKCQ
137,46,0,sofia,15,romanian,0,283562,6XVKCQ
984,62,4,sofia,15,romanian,0,283562,6XVKCQ
554,46,0,sofia,15,romanian,0,283562,6XVKCQ
416,97,16,sofia,15,romanian,0,283562,6XVKCQ
637,64,10,sofia,15,romanian,0,283562,6XVKCQ
416,97,14,sofia,14,romanian,0,283562,6XVKCQ
472,46,0,sofia,14,romanian,0,283562,6XVKCQ
597,200,17,sofia,14,romanian,0,283562,6XVKCQ
871,88,6,sofia,14,romanian,0,283562,6XVKCQ
4,44,0,sofia,14,romanian,0,283562,6XVKCQ
383,45,4,sofia,14,romanian,0,283562,6XVKCQ
190,57,3,sofia,14,romanian,0,283562,6XVKCQ
653,127,18,sofia,14,romanian,0,283562,6XVKCQ
554,46,0,sofia,14,romanian,0,283562,6XVKCQ
544,66,0,sofia,14,romanian,0,283562,6XVKCQ
883,135,15,sofia,14,romanian,0,283562,6XVKCQ
578,119,21,sofia,14,romanian,0,283562,6XVKCQ
683,89,13,sofia,14,romanian,0,283562,6XVKCQ
665,70,12,sofia,14,romanian,0,283562,6XVKCQ
208,66,0,sofia,14,romanian,0,283562,6XVKCQ
287,187,22,sofia,14,romanian,0,283562,6XVKCQ
337,102,12,sofia,14,romanian,0,283562,6XVKCQ
802,86,0,sofia,14,romanian,0,283562,6XVKCQ
984,62,3,sofia,14,romanian,0,283562,6XVKCQ
923,55,9,sofia,14,romanian,0,283562,6XVKCQ
270,121,20,sofia,14,romanian,0,283562,6XVKCQ
13,61,5,sofia,14,romanian,0,283562,6XVKCQ
272,49,0,sofia,14,romanian,0,283562,6XVKCQ
44,57,1,sofia,14,romanian,0,283562,6XVKCQ
109,103,14,sofia,14,romanian,0,283562,6XVKCQ
25,192,17,sofia,14,romanian,0,283562,6XVKCQ
141,89,10,sofia,14,romanian,0,283562,6XVKCQ
899,102,14,sofia,14,romanian,0,283562,6XVKCQ
649,161,21,sofia,14,romanian,0,283562,6XVKCQ
601,84,7,sofia,14,romanian,0,283562,6XVKCQ
145,103,14,sofia,14,romanian,0,283562,6XVKCQ
201,97,14,sofia,14,romanian,0,283562,6XVKCQ
353,44,16,sofia,14,romanian,0,283562,6XVKCQ
107,48,4,sofia,14,romanian,0,283562,6XVKCQ
968,129,14,sofia,14,romanian,0,283562,6XVKCQ
143,60,23,sofia,14,romanian,0,283562,6XVKCQ
815,198,20,sofia,14,romanian,0,283562,6XVKCQ
637,65,9,sofia,14,romanian,0,283562,6XVKCQ
262,102,10,sofia,14,romanian,0,283562,6XVKCQ
852,48,8,sofia,14,romanian,0,283562,6XVKCQ
181,86,28,sofia,14,romanian,0,283562,6XVKCQ
470,76,11,sofia,14,romanian,0,283562,6XVKCQ
137,46,0,sofia,14,romanian,0,283562,6XVKCQ
574,65,2,sofia,14,romanian,0,283562,6XVKCQ
608,105,14,sofia,14,romanian,0,283562,6XVKCQ
304,90,34,sofia,14,romanian,0,283562,6XVKCQ
553,101,5,sofia,14,romanian,0,283562,6XVKCQ
203,121,18,sofia,14,romanian,0,283562,6XVKCQ
459,98,14,sofia,14,romanian,0,283562,6XVKCQ
814,191,17,sofia,14,romanian,0,283562,6XVKCQ
764,67,0,sofia,14,romanian,0,283562,6XVKCQ
542,66,0,sofia,14,romanian,0,283562,6XVKCQ
302,62,20,sofia,14,romanian,0,283562,6XVKCQ
862,78,11,sofia,14,romanian,0,283562,6XVKCQ
590,87,2,sofia,14,romanian,0,283562,6XVKCQ
302,62,18,sofia,13,romanian,0,283562,6XVKCQ
470,76,10,sofia,13,romanian,0,283562,6XVKCQ
109,103,13,sofia,13,romanian,0,283562,6XVKCQ
814,191,15,sofia,13,romanian,0,283562,6XVKCQ
459,98,13,sofia,13,romanian,0,283562,6XVKCQ
143,60,22,sofia,13,romanian,0,283562,6XVKCQ
923,55,8,sofia,13,romanian,0,283562,6XVKCQ
899,102,13,sofia,13,romanian,0,283562,6XVKCQ
883,135,14,sofia,13,romanian,0,283562,6XVKCQ
337,102,11,sofia,13,romanian,0,283562,6XVKCQ
653,127,16,sofia,13,romanian,0,283562,6XVKCQ
574,65,1,sofia,13,romanian,0,283562,6XVKCQ
141,89,7,sofia,13,romanian,0,283562,6XVKCQ
590,87,0,sofia,13,romanian,0,283562,6XVKCQ
472,46,0,sofia,13,romanian,0,283562,6XVKCQ
272,49,0,sofia,13,romanian,0,283562,6XVKCQ
353,44,16,sofia,13,romanian,0,283562,6XVKCQ
553,101,4,sofia,13,romanian,0,283562,6XVKCQ
145,103,13,sofia,13,romanian,0,283562,6XVKCQ
262,102,8,sofia,13,romanian,0,283562,6XVKCQ
578,119,20,sofia,13,romanian,0,283562,6XVKCQ
544,66,0,sofia,13,romanian,0,283562,6XVKCQ
608,105,14,sofia,13,romanian,0,283562,6XVKCQ
852,48,7,sofia,13,romanian,0,283562,6XVKCQ
764,67,0,sofia,13,romanian,0,283562,6XVKCQ
201,97,13,sofia,13,romanian,0,283562,6XVKCQ
304,90,31,sofia,13,romanian,0,283562,6XVKCQ
203,121,17,sofia,13,romanian,0,283562,6XVKCQ
554,46,0,sofia,13,romanian,0,283562,6XVKCQ
270,121,19,sofia,13,romanian,0,283562,6XVKCQ
416,104,12,sofia,13,romanian,0,283562,6XVKCQ
383,45,0,sofia,13,romanian,0,283562,6XVKCQ
181,86,26,sofia,13,romanian,0,283562,6XVKCQ
665,70,12,sofia,13,romanian,0,283562,6XVKCQ
13,61,4,sofia,13,romanian,0,283562,6XVKCQ
984,62,2,sofia,13,romanian,0,283562,6XVKCQ
968,129,13,sofia,13,romanian,0,283562,6XVKCQ
137,46,0,sofia,13,romanian,0,283562,6XVKCQ
601,84,6,sofia,13,romanian,0,283562,6XVKCQ
637,65,7,sofia,13,romanian,0,283562,6XVKCQ
107,48,3,sofia,13,romanian,0,283562,6XVKCQ
208,66,0,sofia,13,romanian,0,283562,6XVKCQ
802,86,0,sofia,13,romanian,0,283562,6XVKCQ
862,78,10,sofia,13,romanian,0,283562,6XVKCQ
542,66,0,sofia,13,romanian,0,283562,6XVKCQ
683,89,10,sofia,13,romanian,0,283562,6XVKCQ
597,200,15,sofia,13,romanian,0,283562,6XVKCQ
190,57,2,sofia,13,romanian,0,283562,6XVKCQ
4,44,0,sofia,13,romanian,0,283562,6XVKCQ
287,187,20,sofia,13,romanian,0,283562,6XVKCQ
25,192,15,sofia,13,romanian,0,283562,6XVKCQ
815,198,18,sofia,13,romanian,0,283562,6XVKCQ
871,88,2,sofia,13,romanian,0,283562,6XVKCQ
44,57,0,sofia,13,romanian,0,283562,6XVKCQ
649,161,18,sofia,13,romanian,0,283562,6XVKCQ
883,135,13,sofia,12,romanian,0,283562,6XVKCQ
145,103,12,sofia,12,romanian,0,283562,6XVKCQ
649,161,15,sofia,12,romanian,0,283562,6XVKCQ
302,62,14,sofia,12,romanian,0,283562,6XVKCQ
25,192,13,sofia,12,romanian,0,283562,6XVKCQ
137,46,0,sofia,12,romanian,0,283562,6XVKCQ
852,48,6,sofia,12,romanian,0,283562,6XVKCQ
208,66,0,sofia,12,romanian,0,283562,6XVKCQ
608,105,12,sofia,12,romanian,0,283562,6XVKCQ
968,129,11,sofia,12,romanian,0,283562,6XVKCQ
544,66,0,sofia,12,romanian,0,283562,6XVKCQ
383,45,0,sofia,12,romanian,0,283562,6XVKCQ
470,76,10,sofia,12,romanian,0,283562,6XVKCQ
637,65,6,sofia,12,romanian,0,283562,6XVKCQ
4,44,0,sofia,12,romanian,0,283562,6XVKCQ
578,119,20,sofia,12,romanian,0,283562,6XVKCQ
601,84,5,sofia,12,romanian,0,283562,6XVKCQ
815,198,16,sofia,12,romanian,0,283562,6XVKCQ
262,102,7,sofia,12,romanian,0,283562,6XVKCQ
665,70,12,sofia,12,romanian,0,283562,6XVKCQ
13,61,3,sofia,12,romanian,0,283562,6XVKCQ
181,86,22,sofia,12,romanian,0,283562,6XVKCQ
304,90,29,sofia,12,romanian,0,283562,6XVKCQ
871,88,0,sofia,12,romanian,0,283562,6XVKCQ
923,55,6,sofia,12,romanian,0,283562,6XVKCQ
862,78,9,sofia,12,romanian,0,283562,6XVKCQ
683,89,8,sofia,12,romanian,0,283562,6XVKCQ
203,121,15,sofia,12,romanian,0,283562,6XVKCQ
109,103,12,sofia,12,romanian,0,283562,6XVKCQ
270,121,18,sofia,12,romanian,0,283562,6XVKCQ
337,102,10,sofia,12,romanian,0,283562,6XVKCQ
416,104,11,sofia,12,romanian,0,283562,6XVKCQ
814,191,13,sofia,12,romanian,0,283562,6XVKCQ
141,89,4,sofia,12,romanian,0,283562,6XVKCQ
472,46,0,sofia,12,romanian,0,283562,6XVKCQ
353,44,15,sofia,12,romanian,0,283562,6XVKCQ
287,187,18,sofia,12,romanian,0,283562,6XVKCQ
653,127,15,sofia,12,romanian,0,283562,6XVKCQ
899,102,12,sofia,12,romanian,0,283562,6XVKCQ
597,200,13,sofia,12,romanian,0,283562,6XVKCQ
201,97,12,sofia,12,romanian,0,283562,6XVKCQ
764,67,0,sofia,12,romanian,0,283562,6XVKCQ
553,101,3,sofia,12,romanian,0,283562,6XVKCQ
554,46,0,sofia,12,romanian,0,283562,6XVKCQ
190,57,2,sofia,12,romanian,0,283562,6XVKCQ
984,62,1,sofia,12,romanian,0,283562,6XVKCQ
590,87,0,sofia,12,romanian,0,283562,6XVKCQ
459,98,12,sofia,12,romanian,0,283562,6XVKCQ
107,48,2,sofia,12,romanian,0,283562,6XVKCQ
143,60,20,sofia,12,romanian,0,283562,6XVKCQ
542,66,0,sofia,12,romanian,0,283562,6XVKCQ
272,49,0,sofia,12,romanian,0,283562,6XVKCQ
44,57,0,sofia,12,romanian,0,283562,6XVKCQ
802,86,0,sofia,12,romanian,0,283562,6XVKCQ
574,65,0,sofia,12,romanian,0,283562,6XVKCQ
416,104,10,sofia,11,romanian,0,283562,6XVKCQ
597,200,11,sofia,11,romanian,0,283562,6XVKCQ
852,48,5,sofia,11,romanian,0,283562,6XVKCQ
109,103,11,sofia,11,romanian,0,283562,6XVKCQ
302,62,11,sofia,11,romanian,0,283562,6XVKCQ
459,98,11,sofia,11,romanian,0,283562,6XVKCQ
653,127,13,sofia,11,romanian,0,283562,6XVKCQ
181,86,19,sofia,11,romanian,0,283562,6XVKCQ
984,62,0,sofia,11,romanian,0,283562,6XVKCQ
574,65,0,sofia,11,romanian,0,283562,6XVKCQ
862,78,8,sofia,11,romanian,0,283562,6XVKCQ
44,57,0,sofia,11,romanian,0,283562,6XVKCQ
802,86,0,sofia,11,romanian,0,283562,6XVKCQ
272,49,0,sofia,11,romanian,0,283562,6XVKCQ
25,192,11,sofia,11,romanian,0,283562,6XVKCQ
608,105,12,sofia,11,romanian,0,283562,6XVKCQ
203,121,14,sofia,11,romanian,0,283562,6XVKCQ
143,60,18,sofia,11,romanian,0,283562,6XVKCQ
353,44,15,sofia,11,romanian,0,283562,6XVKCQ
383,45,0,sofia,11,romanian,0,283562,6XVKCQ
815,198,14,sofia,11,romanian,0,283562,6XVKCQ
683,89,6,sofia,11,romanian,0,283562,6XVKCQ
601,84,4,sofia,11,romanian,0,283562,6XVKCQ
923,55,5,sofia,11,romanian,0,283562,6XVKCQ
107,48,0,sofia,11,romanian,0,283562,6XVKCQ
899,102,11,sofia,11,romanian,0,283562,6XVKCQ
270,121,16,sofia,11,romanian,0,283562,6XVKCQ
262,102,5,sofia,11,romanian,0,283562,6XVKCQ
145,103,11,sofia,11,romanian,0,283562,6XVKCQ
553,101,2,sofia,11,romanian,0,283562,6XVKCQ
470,76,9,sofia,11,romanian,0,283562,6XVKCQ
871,88,0,sofia,11,romanian,0,283562,6XVKCQ
665,70,11,sofia,11,romanian,0,283562,6XVKCQ
190,57,1,sofia,11,romanian,0,283562,6XVKCQ
208,66,0,sofia,11,romanian,0,283562,6XVKCQ
649,161,13,sofia,11,romanian,0,283562,6XVKCQ
883,135,11,sofia,11,romanian,0,283562,6XVKCQ
554,46,0,sofia,11,romanian,0,283562,6XVKCQ
968,129,10,sofia,11,romanian,0,283562,6XVKCQ
141,89,1,sofia,11,romanian,0,283562,6XVKCQ
287,187,16,sofia,11,romanian,0,283562,6XVKCQ
544,66,0,sofia,11,romanian,0,283562,6XVKCQ
304,90,27,sofia,11,romanian,0,283562,6XVKCQ
814,191,11,sofia,11,romanian,0,283562,6XVKCQ
337,102,8,sofia,11,romanian,0,283562,6XVKCQ
590,87,0,sofia,11,romanian,0,283562,6XVKCQ
542,66,0,sofia,11,romanian,0,283562,6XVKCQ
472,46,0,sofia,11,romanian,0,283562,6XVKCQ
578,119,19,sofia,11,romanian,0,283562,6XVKCQ
201,97,11,sofia,11,romanian,0,283562,6XVKCQ
4,44,0,sofia,11,romanian,0,283562,6XVKCQ
13,61,2,sofia,11,romanian,0,283562,6XVKCQ
637,65,5,sofia,11,romanian,0,283562,6XVKCQ
137,46,0,sofia,11,romanian,0,283562,6XVKCQ
764,67,0,sofia,11,romanian,0,283562,6XVKCQ
270,121,15,sofia,10,romanian,0,283562,6XVKCQ
649,161,11,sofia,10,romanian,0,283562,6XVKCQ
302,62,8,sofia,10,romanian,0,283562,6XVKCQ
590,87,0,sofia,10,romanian,0,283562,6XVKCQ
923,55,4,sofia,10,romanian,0,283562,6XVKCQ
544,66,0,sofia,10,romanian,0,283562,6XVKCQ
574,65,0,sofia,10,romanian,0,283562,6XVKCQ
665,70,11,sofia,10,romanian,0,283562,6XVKCQ
554,46,0,sofia,10,romanian,0,283562,6XVKCQ
353,44,15,sofia,10,romanian,0,283562,6XVKCQ
383,45,0,sofia,10,romanian,0,283562,6XVKCQ
337,102,6,sofia,10,romanian,0,283562,6XVKCQ
143,60,16,sofia,10,romanian,0,283562,6XVKCQ
459,98,10,sofia,10,romanian,0,283562,6XVKCQ
814,239,10,sofia,10,romanian,0,283562,6XVKCQ
815,198,12,sofia,10,romanian,0,283562,6XVKCQ
141,89,0,sofia,10,romanian,0,283562,6XVKCQ
137,46,0,sofia,10,romanian,0,283562,6XVKCQ
764,67,0,sofia,10,romanian,0,283562,6XVKCQ
272,49,0,sofia,10,romanian,0,283562,6XVKCQ
637,65,3,sofia,10,romanian,0,283562,6XVKCQ
862,78,8,sofia,10,romanian,0,283562,6XVKCQ
601,105,4,sofia,10,romanian,0,283562,6XVKCQ
883,135,10,sofia,10,romanian,0,283562,6XVKCQ
899,102,10,sofia,10,romanian,0,283562,6XVKCQ
802,86,0,sofia,10,romanian,0,283562,6XVKCQ
25,241,10,sofia,10,romanian,0,283562,6XVKCQ
13,61,1,sofia,10,romanian,0,283562,6XVKCQ
871,88,0,sofia,10,romanian,0,283562,6XVKCQ
984,62,0,sofia,10,romanian,0,283562,6XVKCQ
145,103,10,sofia,10,romanian,0,283562,6XVKCQ
208,66,0,sofia,10,romanian,0,283562,6XVKCQ
470,76,8,sofia,10,romanian,0,283562,6XVKCQ
968,129,8,sofia,10,romanian,0,283562,6XVKCQ
653,127,12,sofia,10,romanian,0,283562,6XVKCQ
578,119,18,sofia,10,romanian,0,283562,6XVKCQ
190,57,0,sofia,10,romanian,0,283562,6XVKCQ
608,105,10,sofia,10,romanian,0,283562,6XVKCQ
416,104,8,sofia,10,romanian,0,283562,6XVKCQ
109,103,10,sofia,10,romanian,0,283562,6XVKCQ
287,187,14,sofia,10,romanian,0,283562,6XVKCQ
597,251,10,sofia,10,romanian,0,283562,6XVKCQ
107,48,0,sofia,10,romanian,0,283562,6XVKCQ
304,90,25,sofia,10,romanian,0,283562,6XVKCQ
201,97,10,sofia,10,romanian,0,283562,6XVKCQ
542,66,0,sofia,10,romanian,0,283562,6XVKCQ
181,98,16,sofia,10,romanian,0,283562,6XVKCQ
262,102,4,sofia,10,romanian,0,283562,6XVKCQ
44,57,0,sofia,10,romanian,0,283562,6XVKCQ
472,46,0,sofia,10,romanian,0,283562,6XVKCQ
683,89,4,sofia,10,romanian,0,283562,6XVKCQ
852,48,4,sofia,10,romanian,0,283562,6XVKCQ
203,121,13,sofia,10,romanian,0,283562,6XVKCQ
553,101,1,sofia,10,romanian,0,283562,6XVKCQ
4,44,0,sofia,10,romanian,0,283562,6XVKCQ
590,87,0,sofia,9,romanian,0,283562,6XVKCQ
145,103,9,sofia,9,romanian,0,283562,6XVKCQ
137,46,0,sofia,9,romanian,0,283562,6XVKCQ
815,198,10,sofia,9,romanian,0,283562,6XVKCQ
984,62,0,sofia,9,romanian,0,283562,6XVKCQ
287,187,12,sofia,9,romanian,0,283562,6XVKCQ
208,66,0,sofia,9,romanian,0,283562,6XVKCQ
353,44,14,sofia,9,romanian,0,283562,6XVKCQ
852,48,3,sofia,9,romanian,0,283562,6XVKCQ
203,121,11,sofia,9,romanian,0,283562,6XVKCQ
968,146,6,sofia,9,romanian,0,283562,6XVKCQ
337,102,5,sofia,9,romanian,0,283562,6XVKCQ
4,44,0,sofia,9,romanian,0,283562,6XVKCQ
544,66,0,sofia,9,romanian,0,283562,6XVKCQ
107,48,0,sofia,9,romanian,0,283562,6XVKCQ
181,105,14,sofia,9,romanian,0,283562,6XVKCQ
574,65,0,sofia,9,romanian,0,283562,6XVKCQ
554,46,0,sofia,9,romanian,0,283562,6XVKCQ
597,251,9,sofia,9,romanian,0,283562,6XVKCQ
814,239,9,sofia,9,romanian,0,283562,6XVKCQ
13,61,0,sofia,9,romanian,0,283562,6XVKCQ
764,67,0,sofia,9,romanian,0,283562,6XVKCQ
542,66,0,sofia,9,romanian,0,283562,6XVKCQ
304,90,23,sofia,9,romanian,0,283562,6XVKCQ
302,62,4,sofia,9,romanian,0,283562,6XVKCQ
272,49,0,sofia,9,romanian,0,283562,6XVKCQ
601,105,4,sofia,9,romanian,0,283562,6XVKCQ
383,45,0,sofia,9,romanian,0,283562,6XVKCQ
44,57,0,sofia,9,romanian,0,283562,6XVKCQ
649,161,9,sofia,9,romanian,0,283562,6XVKCQ
141,89,0,sofia,9,romanian,0,283562,6XVKCQ
665,70,10,sofia,9,romanian,0,283562,6XVKCQ
883,135,8,sofia,9,romanian,0,283562,6XVKCQ
262,102,2,sofia,9,romanian,0,283562,6XVKCQ
578,119,18,sofia,9,romanian,0,283562,6XVKCQ
270,121,13,sofia,9,romanian,0,283562,6XVKCQ
553,101,0,sofia,9,romanian,0,283562,6XVKCQ
25,241,9,sofia,9,romanian,0,283562,6XVKCQ
416,104,6,sofia,9,romanian,0,283562,6XVKCQ
802,86,0,sofia,9,romanian,0,283562,6XVKCQ
637,65,2,sofia,9,romanian,0,283562,6XVKCQ
470,76,7,sofia,9,romanian,0,283562,6XVKCQ
143,60,14,sofia,9,romanian,0,283562,6XVKCQ
608,105,10,sofia,9,romanian,0,283562,6XVKCQ
201,97,9,sofia,9,romanian,0,283562,6XVKCQ
472,46,0,sofia,9,romanian,0,283562,6XVKCQ
899,102,9,sofia,9,romanian,0,283562,6XVKCQ
109,103,9,sofia,9,romanian,0,283562,6XVKCQ
871,88,0,sofia,9,romanian,0,283562,6XVKCQ
683,89,3,sofia,9,romanian,0,283562,6XVKCQ
190,57,0,sofia,9,romanian,0,283562,6XVKCQ
459,98,9,sofia,9,romanian,0,283562,6XVKCQ
862,78,7,sofia,9,romanian,0,283562,6XVKCQ
923,55,3,sofia,9,romanian,0,283562,6XVKCQ
653,127,10,sofia,9,romanian,0,283562,6XVKCQ
553,101,0,sofia,8,romanian,0,283562,6XVKCQ
107,48,0,sofia,8,romanian,0,283562,6XVKCQ
272,49,0,sofia,8,romanian,0,283562,6XVKCQ
383,45,0,sofia,8,romanian,0,283562,6XVKCQ
270,121,12,sofia,8,romanian,0,283562,6XVKCQ
262,102,0,sofia,8,romanian,0,283562,6XVKCQ
815,198,8,sofia,8,romanian,0,283562,6XVKCQ
287,187,10,sofia,8,romanian,0,283562,6XVKCQ
608,105,8,sofia,8,romanian,0,283562,6XVKCQ
764,67,0,sofia,8,romanian,0,283562,6XVKCQ
109,103,8,sofia,8,romanian,0,283562,6XVKCQ
181,105,11,sofia,8,romanian,0,283562,6XVKCQ
544,66,0,sofia,8,romanian,0,283562,6XVKCQ
871,88,0,sofia,8,romanian,0,283562,6XVKCQ
44,57,0,sofia,8,romanian,0,283562,6XVKCQ
574,65,0,sofia,8,romanian,0,283562,6XVKCQ
337,102,4,sofia,8,romanian,0,283562,6XVKCQ
601,105,3,sofia,8,romanian,0,283562,6XVKCQ
554,46,0,sofia,8,romanian,0,283562,6XVKCQ
899,102,8,sofia,8,romanian,0,283562,6XVKCQ
852,48,3,sofia,8,romanian,0,283562,6XVKCQ
353,44,14,sofia,8,romanian,0,283562,6XVKCQ
862,78,6,sofia,8,romanian,0,283562,6XVKCQ
683,89,1,sofia,8,romanian,0,283562,6XVKCQ
145,103,8,sofia,8,romanian,0,283562,6XVKCQ
984,62,0,sofia,8,romanian,0,283562,6XVKCQ
13,61,0,sofia,8,romanian,0,283562,6XVKCQ
542,66,0,sofia,8,romanian,0,283562,6XVKCQ
25,241,8,sofia,8,romanian,0,283562,6XVKCQ
203,121,10,sofia,8,romanian,0,283562,6XVKCQ
208,66,0,sofia,8,romanian,0,283562,6XVKCQ
814,239,8,sofia,8,romanian,0,283562,6XVKCQ
201,97,8,sofia,8,romanian,0,283562,6XVKCQ
459,98,8,sofia,8,romanian,0,283562,6XVKCQ
665,70,10,sofia,8,romanian,0,283562,6XVKCQ
923,55,2,sofia,8,romanian,0,283562,6XVKCQ
802,86,0,sofia,8,romanian,0,283562,6XVKCQ
472,46,0,sofia,8,romanian,0,283562,6XVKCQ
141,89,0,sofia,8,romanian,0,283562,6XVKCQ
416,104,5,sofia,8,romanian,0,283562,6XVKCQ
190,57,0,sofia,8,romanian,0,283562,6XVKCQ
653,127,9,sofia,8,romanian,0,283562,6XVKCQ
597,251,8,sofia,8,romanian,0,283562,6XVKCQ
137,46,0,sofia,8,romanian,0,283562,6XVKCQ
883,135,7,sofia,8,romanian,0,283562,6XVKCQ
4,44,0,sofia,8,romanian,0,283562,6XVKCQ
968,177,6,sofia,8,romanian,0,283562,6XVKCQ
578,119,17,sofia,8,romanian,0,283562,6XVKCQ
637,65,2,sofia,8,romanian,0,283562,6XVKCQ
302,62,1,sofia,8,romanian,0,283562,6XVKCQ
470,76,6,sofia,8,romanian,0,283562,6XVKCQ
649,198,8,sofia,8,romanian,0,283562,6XVKCQ
590,87,0,sofia,8,romanian,0,283562,6XVKCQ
143,60,12,sofia,8,romanian,0,283562,6XVKCQ
304,90,21,sofia,8,romanian,0,283562,6XVKCQ
459,98,7,sofia,7,romanian,0,283562,6XVKCQ
203,121,8,sofia,7,romanian,0,283562,6XVKCQ
145,103,7,sofia,7,romanian,0,283562,6XVKCQ
665,70,10,sofia,7,romanian,0,283562,6XVKCQ
137,46,0,sofia,7,romanian,0,283562,6XVKCQ
201,97,7,sofia,7,romanian,0,283562,6XVKCQ
637,65,1,sofia,7,romanian,0,283562,6XVKCQ
578,119,16,sofia,7,romanian,0,283562,6XVKCQ
472,46,0,sofia,7,romanian,0,283562,6XVKCQ
574,65,0,sofia,7,romanian,0,283562,6XVKCQ
383,45,0,sofia,7,romanian,0,283562,6XVKCQ
337,102,2,sofia,7,romanian,0,283562,6XVKCQ
416,104,4,sofia,7,romanian,0,283562,6XVKCQ
649,198,7,sofia,7,romanian,0,283562,6XVKCQ
287,187,8,sofia,7,romanian,0,283562,6XVKCQ
862,78,5,sofia,7,romanian,0,283562,6XVKCQ
683,89,0,sofia,7,romanian,0,283562,6XVKCQ
871,88,0,sofia,7,romanian,0,283562,6XVKCQ
554,46,0,sofia,7,romanian,0,283562,6XVKCQ
107,48,0,sofia,7,romanian,0,283562,6XVKCQ
883,135,6,sofia,7,romanian,0,283562,6XVKCQ
302,62,0,sofia,7,romanian,0,283562,6XVKCQ
143,60,10,sofia,7,romanian,0,283562,6XVKCQ
802,86,0,sofia,7,romanian,0,283562,6XVKCQ
542,66,0,sofia,7,romanian,0,283562,6XVKCQ
590,87,0,sofia,7,romanian,0,283562,6XVKCQ
923,55,0,sofia,7,romanian,0,283562,6XVKCQ
181,105,8,sofia,7,romanian,0,283562,6XVKCQ
109,103,7,sofia,7,romanian,0,283562,6XVKCQ
262,102,0,sofia,7,romanian,0,283562,6XVKCQ
815,248,7,sofia,7,romanian,0,283562,6XVKCQ
304,90,19,sofia,7,romanian,0,283562,6XVKCQ
190,57,0,sofia,7,romanian,0,283562,6XVKCQ
601,105,3,sofia,7,romanian,0,283562,6XVKCQ
553,101,0,sofia,7,romanian,0,283562,6XVKCQ
968,177,5,sofia,7,romanian,0,283562,6XVKCQ
764,67,0,sofia,7,romanian,0,283562,6XVKCQ
270,121,10,sofia,7,romanian,0,283562,6XVKCQ
984,62,0,sofia,7,romanian,0,283562,6XVKCQ
44,57,0,sofia,7,romanian,0,283562,6XVKCQ
13,61,0,sofia,7,romanian,0,283562,6XVKCQ
25,241,7,sofia,7,romanian,0,283562,6XVKCQ
470,76,6,sofia,7,romanian,0,283562,6XVKCQ
852,48,2,sofia,7,romanian,0,283562,6XVKCQ
141,89,0,sofia,7,romanian,0,283562,6XVKCQ
544,66,0,sofia,7,romanian,0,283562,6XVKCQ
4,44,0,sofia,7,romanian,0,283562,6XVKCQ
653,127,8,sofia,7,romanian,0,283562,6XVKCQ
814,239,7,sofia,7,romanian,0,283562,6XVKCQ
608,105,8,sofia,7,romanian,0,283562,6XVKCQ
597,251,7,sofia,7,romanian,0,283562,6XVKCQ
208,66,0,sofia,7,romanian,0,283562,6XVKCQ
899,102,7,sofia,7,romanian,0,283562,6XVKCQ
353,44,13,sofia,7,romanian,0,283562,6XVKCQ
272,49,0,sofia,7,romanian,0,283562,6XVKCQ
353,44,13,sofia,6,romanian,0,283562,6XVKCQ
137,46,0,sofia,6,romanian,0,283562,6XVKCQ
208,66,0,sofia,6,romanian,0,283562,6XVKCQ
262,102,0,sofia,6,romanian,0,283562,6XVKCQ
899,102,6,sofia,6,romanian,0,283562,6XVKCQ
544,66,0,sofia,6,romanian,0,283562,6XVKCQ
383,45,0,sofia,6,romanian,0,283562,6XVKCQ
272,49,0,sofia,6,romanian,0,283562,6XVKCQ
814,239,6,sofia,6,romanian,0,283562,6XVKCQ
601,105,2,sofia,6,romanian,0,283562,6XVKCQ
923,55,0,sofia,6,romanian,0,283562,6XVKCQ
181,105,6,sofia,6,romanian,0,283562,6XVKCQ
145,103,6,sofia,6,romanian,0,283562,6XVKCQ
984,62,0,sofia,6,romanian,0,283562,6XVKCQ
141,89,0,sofia,6,romanian,0,283562,6XVKCQ
574,65,0,sofia,6,romanian,0,283562,6XVKCQ
815,248,6,sofia,6,romanian,0,283562,6XVKCQ
968,177,4,sofia,6,romanian,0,283562,6XVKCQ
665,70,9,sofia,6,romanian,0,283562,6XVKCQ
764,67,0,sofia,6,romanian,0,283562,6XVKCQ
472,46,0,sofia,6,romanian,0,283562,6XVKCQ
554,46,0,sofia,6,romanian,0,283562,6XVKCQ
270,121,9,sofia,6,romanian,0,283562,6XVKCQ
25,241,6,sofia,6,romanian,0,283562,6XVKCQ
107,48,0,sofia,6,romanian,0,283562,6XVKCQ
13,61,0,sofia,6,romanian,0,283562,6XVKCQ
553,101,0,sofia,6,romanian,0,283562,6XVKCQ
871,88,0,sofia,6,romanian,0,283562,6XVKCQ
542,66,0,sofia,6,romanian,0,283562,6XVKCQ
416,104,2,sofia,6,romanian,0,283562,6XVKCQ
302,62,0,sofia,6,romanian,0,283562,6XVKCQ
637,65,0,sofia,6,romanian,0,283562,6XVKCQ
683,89,0,sofia,6,romanian,0,283562,6XVKCQ
337,102,0,sofia,6,romanian,0,283562,6XVKCQ
287,187,6,sofia,6,romanian,0,283562,6XVKCQ
862,78,4,sofia,6,romanian,0,283562,6XVKCQ
852,48,1,sofia,6,romanian,0,283562,6XVKCQ
883,135,4,sofia,6,romanian,0,283562,6XVKCQ
109,103,6,sofia,6,romanian,0,283562,6XVKCQ
143,60,8,sofia,6,romanian,0,283562,6XVKCQ
203,121,7,sofia,6,romanian,0,283562,6XVKCQ
590,87,0,sofia,6,romanian,0,283562,6XVKCQ
190,57,0,sofia,6,romanian,0,283562,6XVKCQ
201,97,6,sofia,6,romanian,0,283562,6XVKCQ
608,105,6,sofia,6,romanian,0,283562,6XVKCQ
4,44,0,sofia,6,romanian,0,283562,6XVKCQ
597,251,6,sofia,6,romanian,0,283562,6XVKCQ
44,57,0,sofia,6,romanian,0,283562,6XVKCQ
304,90,17,sofia,6,romanian,0,283562,6XVKCQ
802,86,0,sofia,6,romanian,0,283562,6XVKCQ
649,198,6,sofia,6,romanian,0,283562,6XVKCQ
578,119,15,sofia,6,romanian,0,283562,6XVKCQ
383,45,0,sofia,5,romanian,0,283562,6XVKCQ
871,88,0,sofia,5,romanian,0,283562,6XVKCQ
578,119,15,sofia,5,romanian,0,283562,6XVKCQ
137,46,0,sofia,5,romanian,0,283562,6XVKCQ
553,101,0,sofia,5,romanian,0,283562,6XVKCQ
984,62,0,sofia,5,romanian,0,283562,6XVKCQ
574,65,0,sofia,5,romanian,0,283562,6XVKCQ
262,102,0,sofia,5,romanian,0,283562,6XVKCQ
665,70,9,sofia,5,romanian,0,283562,6XVKCQ
815,248,5,sofia,5,romanian,0,283562,6XVKCQ
802,86,0,sofia,5,romanian,0,283562,6XVKCQ
852,48,0,sofia,5,romanian,0,283562,6XVKCQ
302,62,0,sofia,5,romanian,0,283562,6XVKCQ
923,55,0,sofia,5,romanian,0,283562,6XVKCQ
544,66,0,sofia,5,romanian,0,283562,6XVKCQ
25,241,5,sofia,5,romanian,0,283562,6XVKCQ
968,177,4,sofia,5,romanian,0,283562,6XVKCQ
203,121,6,sofia,5,romanian,0,283562,6XVKCQ
601,105,2,sofia,5,romanian,0,283562,6XVKCQ
683,89,0,sofia,5,romanian,0,283562,6XVKCQ
143,60,6,sofia,5,romanian,0,283562,6XVKCQ
270,121,8,sofia,5,romanian,0,283562,6XVKCQ
13,61,0,sofia,5,romanian,0,283562,6XVKCQ
44,57,0,sofia,5,romanian,0,283562,6XVKCQ
554,46,0,sofia,5,romanian,0,283562,6XVKCQ
472,46,0,sofia,5,romanian,0,283562,6XVKCQ
814,239,5,sofia,5,romanian,0,283562,6XVKCQ
337,102,0,sofia,5,romanian,0,283562,6XVKCQ
764,67,0,sofia,5,romanian,0,283562,6XVKCQ
208,66,0,sofia,5,romanian,0,283562,6XVKCQ
353,44,13,sofia,5,romanian,0,283562,6XVKCQ
416,104,0,sofia,5,romanian,0,283562,6XVKCQ
899,102,5,sofia,5,romanian,0,283562,6XVKCQ
190,57,0,sofia,5,romanian,0,283562,6XVKCQ
201,97,5,sofia,5,romanian,0,283562,6XVKCQ
287,230,5,sofia,5,romanian,0,283562,6XVKCQ
141,89,0,sofia,5,romanian,0,283562,6XVKCQ
608,105,6,sofia,5,romanian,0,283562,6XVKCQ
883,166,4,sofia,5,romanian,0,283562,6XVKCQ
304,90,15,sofia,5,romanian,0,283562,6XVKCQ
145,103,5,sofia,5,romanian,0,283562,6XVKCQ
649,198,5,sofia,5,romanian,0,283562,6XVKCQ
107,48,0,sofia,5,romanian,0,283562,6XVKCQ
272,49,0,sofia,5,romanian,0,283562,6XVKCQ
597,251,5,sofia,5,romanian,0,283562,6XVKCQ
542,66,0,sofia,5,romanian,0,283562,6XVKCQ
109,103,5,sofia,5,romanian,0,283562,6XVKCQ
4,44,0,sofia,5,romanian,0,283562,6XVKCQ
862,78,4,sofia,5,romanian,0,283562,6XVKCQ
637,65,0,sofia,5,romanian,0,283562,6XVKCQ
181,105,4,sofia,5,romanian,0,283562,6XVKCQ
590,87,0,sofia,5,romanian,0,283562,6XVKCQ
871,88,0,sofia,4,romanian,0,283562,6XVKCQ
262,102,0,sofia,4,romanian,0,283562,6XVKCQ
802,86,0,sofia,4,romanian,0,283562,6XVKCQ
13,61,0,sofia,4,romanian,0,283562,6XVKCQ
190,57,0,sofia,4,romanian,0,283562,6XVKCQ
4,44,0,sofia,4,romanian,0,283562,6XVKCQ
143,65,4,sofia,4,romanian,0,283562,6XVKCQ
542,66,0,sofia,4,romanian,0,283562,6XVKCQ
601,105,2,sofia,4,romanian,0,283562,6XVKCQ
472,46,0,sofia,4,romanian,0,283562,6XVKCQ
574,65,0,sofia,4,romanian,0,283562,6XVKCQ
852,48,0,sofia,4,romanian,0,283562,6XVKCQ
383,45,0,sofia,4,romanian,0,283562,6XVKCQ
109,103,4,sofia,4,romanian,0,283562,6XVKCQ
287,230,4,sofia,4,romanian,0,283562,6XVKCQ
649,198,4,sofia,4,romanian,0,283562,6XVKCQ
337,102,0,sofia,4,romanian,0,283562,6XVKCQ
923,55,0,sofia,4,romanian,0,283562,6XVKCQ
862,78,3,sofia,4,romanian,0,283562,6XVKCQ
608,105,4,sofia,4,romanian,0,283562,6XVKCQ
764,67,0,sofia,4,romanian,0,283562,6XVKCQ
203,121,4,sofia,4,romanian,0,283562,6XVKCQ
665,70,8,sofia,4,romanian,0,283562,6XVKCQ
578,119,14,sofia,4,romanian,0,283562,6XVKCQ
637,65,0,sofia,4,romanian,0,283562,6XVKCQ
815,248,4,sofia,4,romanian,0,283562,6XVKCQ
590,87,0,sofia,4,romanian,0,283562,6XVKCQ
883,166,3,sofia,4,romanian,0,283562,6XVKCQ
137,46,0,sofia,4,romanian,0,283562,6XVKCQ
683,89,0,sofia,4,romanian,0,283562,6XVKCQ
553,101,0,sofia,4,romanian,0,283562,6XVKCQ
25,241,4,sofia,4,romanian,0,283562,6XVKCQ
597,251,4,sofia,4,romanian,0,283562,6XVKCQ
544,66,0,sofia,4,romanian,0,283562,6XVKCQ
272,49,0,sofia,4,romanian,0,283562,6XVKCQ
270,121,6,sofia,4,romanian,0,283562,6XVKCQ
899,102,4,sofia,4,romanian,0,283562,6XVKCQ
107,48,0,sofia,4,romanian,0,283562,6XVKCQ
201,97,4,sofia,4,romanian,0,283562,6XVKCQ
44,57,0,sofia,4,romanian,0,283562,6XVKCQ
968,177,3,sofia,4,romanian,0,283562,6XVKCQ
353,44,12,sofia,4,romanian,0,283562,6XVKCQ
984,62,0,sofia,4,romanian,0,283562,6XVKCQ
416,104,0,sofia,4,romanian,0,283562,6XVKCQ
141,89,0,sofia,4,romanian,0,283562,6XVKCQ
181,105,1,sofia,4,romanian,0,283562,6XVKCQ
304,90,13,sofia,4,romanian,0,283562,6XVKCQ
145,103,4,sofia,4,romanian,0,283562,6XVKCQ
302,62,0,sofia,4,romanian,0,283562,6XVKCQ
814,239,4,sofia,4,romanian,0,283562,6XVKCQ
554,46,0,sofia,4,romanian,0,283562,6XVKCQ
208,66,0,sofia,4,romanian,0,283562,6XVKCQ
4,44,0,sofia,3,romanian,0,283562,6XVKCQ
542,66,0,sofia,3,romanian,0,283562,6XVKCQ
141,89,0,sofia,3,romanian,0,283562,6XVKCQ
814,239,3,sofia,3,romanian,0,283562,6XVKCQ
637,65,0,sofia,3,romanian,0,283562,6XVKCQ
608,105,4,sofia,3,romanian,0,283562,6XVKCQ
590,87,0,sofia,3,romanian,0,283562,6XVKCQ
899,102,3,sofia,3,romanian,0,283562,6XVKCQ
802,86,0,sofia,3,romanian,0,283562,6XVKCQ
208,66,0,sofia,3,romanian,0,283562,6XVKCQ
984,62,0,sofia,3,romanian,0,283562,6XVKCQ
44,57,0,sofia,3,romanian,0,283562,6XVKCQ
968,177,2,sofia,3,romanian,0,283562,6XVKCQ
815,248,3,sofia,3,romanian,0,283562,6XVKCQ
181,105,0,sofia,3,romanian,0,283562,6XVKCQ
203,121,3,sofia,3,romanian,0,283562,6XVKCQ
201,97,3,sofia,3,romanian,0,283562,6XVKCQ
862,78,2,sofia,3,romanian,0,283562,6XVKCQ
852,48,0,sofia,3,romanian,0,283562,6XVKCQ
554,46,0,sofia,3,romanian,0,283562,6XVKCQ
337,102,0,sofia,3,romanian,0,283562,6XVKCQ
472,46,0,sofia,3,romanian,0,283562,6XVKCQ
871,88,0,sofia,3,romanian,0,283562,6XVKCQ
353,44,12,sofia,3,romanian,0,283562,6XVKCQ
578,119,13,sofia,3,romanian,0,283562,6XVKCQ
553,101,0,sofia,3,romanian,0,283562,6XVKCQ
270,121,5,sofia,3,romanian,0,283562,6XVKCQ
416,104,0,sofia,3,romanian,0,283562,6XVKCQ
145,103,3,sofia,3,romanian,0,283562,6XVKCQ
574,65,0,sofia,3,romanian,0,283562,6XVKCQ
262,102,0,sofia,3,romanian,0,283562,6XVKCQ
109,103,3,sofia,3,romanian,0,283562,6XVKCQ
383,45,0,sofia,3,romanian,0,283562,6XVKCQ
544,66,0,sofia,3,romanian,0,283562,6XVKCQ
13,61,0,sofia,3,romanian,0,283562,6XVKCQ
923,55,0,sofia,3,romanian,0,283562,6XVKCQ
764,67,0,sofia,3,romanian,0,283562,6XVKCQ
302,62,0,sofia,3,romanian,0,283562,6XVKCQ
683,89,0,sofia,3,romanian,0,283562,6XVKCQ
304,90,10,sofia,3,romanian,0,283562,6XVKCQ
649,198,3,sofia,3,romanian,0,283562,6XVKCQ
143,73,3,sofia,3,romanian,0,283562,6XVKCQ
137,46,0,sofia,3,romanian,0,283562,6XVKCQ
601,105,1,sofia,3,romanian,0,283562,6XVKCQ
25,241,3,sofia,3,romanian,0,283562,6XVKCQ
272,49,0,sofia,3,romanian,0,283562,6XVKCQ
665,70,8,sofia,3,romanian,0,283562,6XVKCQ
597,251,3,sofia,3,romanian,0,283562,6XVKCQ
883,166,2,sofia,3,romanian,0,283562,6XVKCQ
287,230,3,sofia,3,romanian,0,283562,6XVKCQ
190,57,0,sofia,3,romanian,0,283562,6XVKCQ
107,48,0,sofia,3,romanian,0,283562,6XVKCQ
