hotel_id,price,stock,request.city,request.date,request.language,request.mobile,request.avatar_id
134,73,56,valletta,44,danish,0,82025
719,154,196,valletta,44,danish,0,82025
466,131,139,valletta,44,danish,0,82025
832,125,112,valletta,44,danish,0,82025
363,129,140,valletta,44,danish,0,82025
377,129,140,valletta,44,danish,0,82025
244,218,280,valletta,44,danish,0,82025
334,74,56,valletta,44,danish,0,82025
521,67,56,valletta,44,danish,0,82025
746,149,194,valletta,44,danish,0,82025
55,97,111,valletta,44,danish,0,82025
209,65,140,valletta,44,danish,0,82025
476,128,56,valletta,44,danish,0,82025
424,153,196,valletta,44,danish,0,82025
504,150,196,valletta,44,danish,0,82025
360,156,194,valletta,44,danish,0,82025
643,72,55,valletta,44,danish,0,82025
598,130,139,valletta,44,danish,0,82025
295,67,56,valletta,44,danish,0,82025
965,129,140,valletta,44,danish,0,82025
81,129,140,valletta,44,danish,0,82025
754,222,277,valletta,44,danish,0,82025
200,131,140,valletta,44,danish,0,82025
988,130,137,valletta,44,danish,0,82025
639,150,194,valletta,44,danish,0,82025
480,69,56,valletta,44,danish,0,82025
400,90,141,valletta,44,danish,0,82025
106,131,140,valletta,44,danish,0,82025
592,220,275,valletta,44,danish,0,82025
404,129,55,valletta,44,danish,0,82025
501,72,56,valletta,44,danish,0,82025
282,128,138,valletta,44,danish,0,82025
859,128,111,valletta,44,danish,0,82025
371,91,113,valletta,44,danish,0,82025
389,94,111,valletta,44,danish,0,82025
325,92,56,valletta,44,danish,0,82025
491,151,196,valletta,44,danish,0,82025
718,128,140,valletta,44,danish,0,82025
749,97,55,valletta,44,danish,0,82025
512,153,195,valletta,44,danish,0,82025
160,92,56,valletta,44,danish,0,82025
905,129,139,valletta,44,danish,0,82025
237,132,140,valletta,44,danish,0,82025
732,156,195,valletta,44,danish,0,82025
985,67,113,valletta,44,danish,0,82025
709,128,138,valletta,44,danish,0,82025
376,154,195,valletta,44,danish,0,82025
861,154,196,valletta,44,danish,0,82025
746,157,183,valletta,43,danish,0,82025
988,136,128,valletta,43,danish,0,82025
643,73,51,valletta,43,danish,0,82025
295,70,53,valletta,43,danish,0,82025
639,158,184,valletta,43,danish,0,82025
466,138,132,valletta,43,danish,0,82025
377,132,132,valletta,43,danish,0,82025
244,229,263,valletta,43,danish,0,82025
861,161,186,valletta,43,danish,0,82025
732,164,185,valletta,43,danish,0,82025
376,161,186,valletta,43,danish,0,82025
363,129,130,valletta,43,danish,0,82025
709,133,132,valletta,43,danish,0,82025
424,160,187,valletta,43,danish,0,82025
209,66,132,valletta,43,danish,0,82025
832,126,103,valletta,43,danish,0,82025
598,136,132,valletta,43,danish,0,82025
480,70,54,valletta,43,danish,0,82025
719,161,190,valletta,43,danish,0,82025
106,138,132,valletta,43,danish,0,82025
237,139,132,valletta,43,danish,0,82025
965,129,129,valletta,43,danish,0,82025
282,134,129,valletta,43,danish,0,82025
360,164,182,valletta,43,danish,0,82025
985,69,108,valletta,43,danish,0,82025
905,135,132,valletta,43,danish,0,82025
501,75,53,valletta,43,danish,0,82025
592,230,258,valletta,43,danish,0,82025
371,93,106,valletta,43,danish,0,82025
400,90,132,valletta,43,danish,0,82025
404,132,51,valletta,43,danish,0,82025
200,132,128,valletta,43,danish,0,82025
504,150,181,valletta,43,danish,0,82025
160,98,53,valletta,43,danish,0,82025
512,160,182,valletta,43,danish,0,82025
81,135,133,valletta,43,danish,0,82025
754,233,258,valletta,43,danish,0,82025
334,77,53,valletta,43,danish,0,82025
325,98,52,valletta,43,danish,0,82025
859,133,105,valletta,43,danish,0,82025
389,99,104,valletta,43,danish,0,82025
749,102,52,valletta,43,danish,0,82025
476,131,54,valletta,43,danish,0,82025
521,71,53,valletta,43,danish,0,82025
718,128,130,valletta,43,danish,0,82025
491,159,187,valletta,43,danish,0,82025
55,102,104,valletta,43,danish,0,82025
134,74,53,valletta,43,danish,0,82025
639,163,174,valletta,42,danish,0,82025
521,73,50,valletta,42,danish,0,82025
512,165,169,valletta,42,danish,0,82025
424,165,177,valletta,42,danish,0,82025
360,169,169,valletta,42,danish,0,82025
985,72,103,valletta,42,danish,0,82025
334,80,50,valletta,42,danish,0,82025
476,135,52,valletta,42,danish,0,82025
988,140,120,valletta,42,danish,0,82025
749,105,48,valletta,42,danish,0,82025
81,139,127,valletta,42,danish,0,82025
400,93,123,valletta,42,danish,0,82025
55,105,97,valletta,42,danish,0,82025
592,237,239,valletta,42,danish,0,82025
709,138,124,valletta,42,danish,0,82025
200,143,120,valletta,42,danish,0,82025
732,169,174,valletta,42,danish,0,82025
718,138,122,valletta,42,danish,0,82025
643,78,48,valletta,42,danish,0,82025
237,144,125,valletta,42,danish,0,82025
377,136,124,valletta,42,danish,0,82025
160,101,50,valletta,42,danish,0,82025
282,138,120,valletta,42,danish,0,82025
719,167,183,valletta,42,danish,0,82025
491,164,178,valletta,42,danish,0,82025
480,73,51,valletta,42,danish,0,82025
859,138,99,valletta,42,danish,0,82025
598,140,124,valletta,42,danish,0,82025
325,101,49,valletta,42,danish,0,82025
501,78,49,valletta,42,danish,0,82025
504,163,169,valletta,42,danish,0,82025
754,241,243,valletta,42,danish,0,82025
389,103,97,valletta,42,danish,0,82025
466,143,126,valletta,42,danish,0,82025
295,72,50,valletta,42,danish,0,82025
965,139,122,valletta,42,danish,0,82025
244,236,245,valletta,42,danish,0,82025
376,167,174,valletta,42,danish,0,82025
746,162,172,valletta,42,danish,0,82025
861,167,174,valletta,42,danish,0,82025
905,139,126,valletta,42,danish,0,82025
209,68,123,valletta,42,danish,0,82025
371,96,99,valletta,42,danish,0,82025
106,143,126,valletta,42,danish,0,82025
134,76,50,valletta,42,danish,0,82025
363,139,122,valletta,42,danish,0,82025
832,135,97,valletta,42,danish,0,82025
404,142,48,valletta,42,danish,0,82025
404,144,45,valletta,41,danish,0,82025
985,73,97,valletta,41,danish,0,82025
400,94,115,valletta,41,danish,0,82025
643,80,45,valletta,41,danish,0,82025
719,169,175,valletta,41,danish,0,82025
501,79,46,valletta,41,danish,0,82025
106,145,119,valletta,41,danish,0,82025
237,146,118,valletta,41,danish,0,82025
282,140,113,valletta,41,danish,0,82025
389,104,89,valletta,41,danish,0,82025
861,169,160,valletta,41,danish,0,82025
371,100,94,valletta,41,danish,0,82025
363,141,115,valletta,41,danish,0,82025
749,107,45,valletta,41,danish,0,82025
325,104,47,valletta,41,danish,0,82025
639,165,165,valletta,41,danish,0,82025
480,74,48,valletta,41,danish,0,82025
81,141,121,valletta,41,danish,0,82025
476,137,49,valletta,41,danish,0,82025
732,171,161,valletta,41,danish,0,82025
504,165,160,valletta,41,danish,0,82025
746,164,162,valletta,41,danish,0,82025
424,168,168,valletta,41,danish,0,82025
334,81,46,valletta,41,danish,0,82025
160,102,47,valletta,41,danish,0,82025
360,171,158,valletta,41,danish,0,82025
295,73,46,valletta,41,danish,0,82025
512,168,153,valletta,41,danish,0,82025
905,141,122,valletta,41,danish,0,82025
377,138,117,valletta,41,danish,0,82025
598,142,118,valletta,41,danish,0,82025
491,167,168,valletta,41,danish,0,82025
859,143,94,valletta,41,danish,0,82025
200,145,112,valletta,41,danish,0,82025
521,74,48,valletta,41,danish,0,82025
134,78,47,valletta,41,danish,0,82025
209,69,114,valletta,41,danish,0,82025
709,140,116,valletta,41,danish,0,82025
965,141,116,valletta,41,danish,0,82025
832,137,92,valletta,41,danish,0,82025
244,239,226,valletta,41,danish,0,82025
376,169,164,valletta,41,danish,0,82025
988,142,112,valletta,41,danish,0,82025
55,106,90,valletta,41,danish,0,82025
466,145,120,valletta,41,danish,0,82025
592,241,219,valletta,41,danish,0,82025
718,140,116,valletta,41,danish,0,82025
754,244,227,valletta,41,danish,0,82025
512,176,143,valletta,40,danish,0,82025
859,146,90,valletta,40,danish,0,82025
400,94,106,valletta,40,danish,0,82025
718,140,110,valletta,40,danish,0,82025
639,166,156,valletta,40,danish,0,82025
905,141,116,valletta,40,danish,0,82025
504,166,150,valletta,40,danish,0,82025
749,112,42,valletta,40,danish,0,82025
988,142,106,valletta,40,danish,0,82025
861,169,146,valletta,40,danish,0,82025
376,169,152,valletta,40,danish,0,82025
325,104,45,valletta,40,danish,0,82025
363,141,108,valletta,40,danish,0,82025
592,253,203,valletta,40,danish,0,82025
985,73,91,valletta,40,danish,0,82025
965,141,109,valletta,40,danish,0,82025
81,141,114,valletta,40,danish,0,82025
480,74,45,valletta,40,danish,0,82025
746,164,151,valletta,40,danish,0,82025
832,137,87,valletta,40,danish,0,82025
377,141,111,valletta,40,danish,0,82025
244,240,207,valletta,40,danish,0,82025
282,140,106,valletta,40,danish,0,82025
476,137,47,valletta,40,danish,0,82025
200,145,106,valletta,40,danish,0,82025
295,73,43,valletta,40,danish,0,82025
709,140,109,valletta,40,danish,0,82025
491,167,156,valletta,40,danish,0,82025
466,145,113,valletta,40,danish,0,82025
521,74,46,valletta,40,danish,0,82025
501,79,42,valletta,40,danish,0,82025
334,85,45,valletta,40,danish,0,82025
237,146,110,valletta,40,danish,0,82025
404,148,43,valletta,40,danish,0,82025
643,82,43,valletta,40,danish,0,82025
160,102,43,valletta,40,danish,0,82025
55,111,85,valletta,40,danish,0,82025
360,178,148,valletta,40,danish,0,82025
754,244,208,valletta,40,danish,0,82025
732,178,153,valletta,40,danish,0,82025
371,102,89,valletta,40,danish,0,82025
598,146,112,valletta,40,danish,0,82025
389,109,84,valletta,40,danish,0,82025
424,168,159,valletta,40,danish,0,82025
719,169,167,valletta,40,danish,0,82025
718,140,102,valletta,39,danish,0,82025
476,137,46,valletta,39,danish,0,82025
504,166,143,valletta,39,danish,0,82025
965,141,103,valletta,39,danish,0,82025
719,169,158,valletta,39,danish,0,82025
709,140,100,valletta,39,danish,0,82025
512,183,136,valletta,39,danish,0,82025
988,142,100,valletta,39,danish,0,82025
746,164,141,valletta,39,danish,0,82025
466,145,106,valletta,39,danish,0,82025
295,76,40,valletta,39,danish,0,82025
754,255,196,valletta,39,danish,0,82025
81,141,108,valletta,39,danish,0,82025
200,145,100,valletta,39,danish,0,82025
480,74,43,valletta,39,danish,0,82025
376,177,144,valletta,39,danish,0,82025
244,250,192,valletta,39,danish,0,82025
389,109,78,valletta,39,danish,0,82025
237,146,102,valletta,39,danish,0,82025
521,74,44,valletta,39,danish,0,82025
639,166,147,valletta,39,danish,0,82025
643,82,41,valletta,39,danish,0,82025
334,85,43,valletta,39,danish,0,82025
424,168,150,valletta,39,danish,0,82025
404,148,41,valletta,39,danish,0,82025
501,82,40,valletta,39,danish,0,82025
491,175,148,valletta,39,danish,0,82025
400,99,100,valletta,39,danish,0,82025
55,111,79,valletta,39,danish,0,82025
749,112,39,valletta,39,danish,0,82025
732,178,146,valletta,39,danish,0,82025
363,141,102,valletta,39,danish,0,82025
905,141,111,valletta,39,danish,0,82025
325,107,42,valletta,39,danish,0,82025
360,178,139,valletta,39,danish,0,82025
598,146,105,valletta,39,danish,0,82025
371,102,84,valletta,39,danish,0,82025
592,253,190,valletta,39,danish,0,82025
832,137,82,valletta,39,danish,0,82025
861,177,136,valletta,39,danish,0,82025
377,141,106,valletta,39,danish,0,82025
985,73,85,valletta,39,danish,0,82025
282,140,98,valletta,39,danish,0,82025
160,102,41,valletta,39,danish,0,82025
859,147,86,valletta,39,danish,0,82025
749,112,37,valletta,38,danish,0,82025
512,183,128,valletta,38,danish,0,82025
709,150,94,valletta,38,danish,0,82025
389,109,74,valletta,38,danish,0,82025
719,169,151,valletta,38,danish,0,82025
480,74,40,valletta,38,danish,0,82025
476,137,44,valletta,38,danish,0,82025
200,145,94,valletta,38,danish,0,82025
55,111,74,valletta,38,danish,0,82025
521,74,42,valletta,38,danish,0,82025
371,102,80,valletta,38,danish,0,82025
160,102,38,valletta,38,danish,0,82025
965,141,98,valletta,38,danish,0,82025
861,177,127,valletta,38,danish,0,82025
325,107,40,valletta,38,danish,0,82025
424,168,141,valletta,38,danish,0,82025
334,85,41,valletta,38,danish,0,82025
360,178,130,valletta,38,danish,0,82025
295,78,38,valletta,38,danish,0,82025
718,140,94,valletta,38,danish,0,82025
985,74,80,valletta,38,danish,0,82025
491,175,139,valletta,38,danish,0,82025
598,149,100,valletta,38,danish,0,82025
363,141,96,valletta,38,danish,0,82025
81,141,102,valletta,38,danish,0,82025
400,99,92,valletta,38,danish,0,82025
501,82,38,valletta,38,danish,0,82025
746,164,132,valletta,38,danish,0,82025
237,146,93,valletta,38,danish,0,82025
376,177,135,valletta,38,danish,0,82025
859,147,82,valletta,38,danish,0,82025
282,140,92,valletta,38,danish,0,82025
504,166,134,valletta,38,danish,0,82025
466,145,100,valletta,38,danish,0,82025
639,166,138,valletta,38,danish,0,82025
832,137,76,valletta,38,danish,0,82025
754,255,185,valletta,38,danish,0,82025
732,178,140,valletta,38,danish,0,82025
377,141,100,valletta,38,danish,0,82025
988,142,93,valletta,38,danish,0,82025
244,262,180,valletta,38,danish,0,82025
905,141,106,valletta,38,danish,0,82025
592,253,178,valletta,38,danish,0,82025
404,148,39,valletta,38,danish,0,82025
643,82,40,valletta,38,danish,0,82025
334,85,39,valletta,37,danish,0,82025
598,149,94,valletta,37,danish,0,82025
480,74,38,valletta,37,danish,0,82025
504,166,126,valletta,37,danish,0,82025
371,102,75,valletta,37,danish,0,82025
363,141,90,valletta,37,danish,0,82025
639,166,128,valletta,37,danish,0,82025
360,178,122,valletta,37,danish,0,82025
754,255,175,valletta,37,danish,0,82025
282,140,85,valletta,37,danish,0,82025
491,175,131,valletta,37,danish,0,82025
832,137,70,valletta,37,danish,0,82025
404,148,36,valletta,37,danish,0,82025
709,150,88,valletta,37,danish,0,82025
501,82,36,valletta,37,danish,0,82025
859,147,78,valletta,37,danish,0,82025
200,145,90,valletta,37,danish,0,82025
861,177,120,valletta,37,danish,0,82025
244,262,167,valletta,37,danish,0,82025
965,141,92,valletta,37,danish,0,82025
985,76,76,valletta,37,danish,0,82025
988,142,86,valletta,37,danish,0,82025
400,99,84,valletta,37,danish,0,82025
389,109,69,valletta,37,danish,0,82025
905,141,100,valletta,37,danish,0,82025
592,253,166,valletta,37,danish,0,82025
376,177,128,valletta,37,danish,0,82025
746,164,121,valletta,37,danish,0,82025
719,169,144,valletta,37,danish,0,82025
55,111,68,valletta,37,danish,0,82025
732,178,134,valletta,37,danish,0,82025
325,107,37,valletta,37,danish,0,82025
718,147,88,valletta,37,danish,0,82025
377,141,94,valletta,37,danish,0,82025
160,102,36,valletta,37,danish,0,82025
466,145,93,valletta,37,danish,0,82025
81,141,97,valletta,37,danish,0,82025
521,74,40,valletta,37,danish,0,82025
424,168,134,valletta,37,danish,0,82025
512,183,119,valletta,37,danish,0,82025
237,153,87,valletta,37,danish,0,82025
643,82,38,valletta,37,danish,0,82025
749,112,35,valletta,37,danish,0,82025
476,137,42,valletta,37,danish,0,82025
295,78,36,valletta,37,danish,0,82025
160,102,34,valletta,36,danish,0,82025
400,103,77,valletta,36,danish,0,82025
200,145,85,valletta,36,danish,0,82025
905,141,96,valletta,36,danish,0,82025
476,137,41,valletta,36,danish,0,82025
376,177,121,valletta,36,danish,0,82025
334,85,37,valletta,36,danish,0,82025
360,178,113,valletta,36,danish,0,82025
754,255,165,valletta,36,danish,0,82025
491,175,123,valletta,36,danish,0,82025
859,147,75,valletta,36,danish,0,82025
965,141,85,valletta,36,danish,0,82025
512,183,109,valletta,36,danish,0,82025
746,164,111,valletta,36,danish,0,82025
985,76,73,valletta,36,danish,0,82025
832,144,66,valletta,36,danish,0,82025
504,166,118,valletta,36,danish,0,82025
598,149,88,valletta,36,danish,0,82025
480,76,36,valletta,36,danish,0,82025
55,116,64,valletta,36,danish,0,82025
643,82,36,valletta,36,danish,0,82025
749,112,33,valletta,36,danish,0,82025
521,74,38,valletta,36,danish,0,82025
424,168,125,valletta,36,danish,0,82025
639,166,119,valletta,36,danish,0,82025
237,153,80,valletta,36,danish,0,82025
81,141,92,valletta,36,danish,0,82025
244,262,152,valletta,36,danish,0,82025
861,177,112,valletta,36,danish,0,82025
295,78,33,valletta,36,danish,0,82025
325,109,35,valletta,36,danish,0,82025
709,150,82,valletta,36,danish,0,82025
718,147,81,valletta,36,danish,0,82025
466,145,86,valletta,36,danish,0,82025
988,142,80,valletta,36,danish,0,82025
377,141,89,valletta,36,danish,0,82025
592,253,155,valletta,36,danish,0,82025
501,82,34,valletta,36,danish,0,82025
371,102,70,valletta,36,danish,0,82025
404,148,34,valletta,36,danish,0,82025
389,109,64,valletta,36,danish,0,82025
719,169,137,valletta,36,danish,0,82025
732,178,127,valletta,36,danish,0,82025
363,141,84,valletta,36,danish,0,82025
282,140,79,valletta,36,danish,0,82025
732,178,121,valletta,35,danish,0,82025
244,272,139,valletta,35,danish,0,82025
639,166,110,valletta,35,danish,0,82025
360,178,105,valletta,35,danish,0,82025
377,141,84,valletta,35,danish,0,82025
861,177,103,valletta,35,danish,0,82025
476,137,40,valletta,35,danish,0,82025
504,166,111,valletta,35,danish,0,82025
334,85,35,valletta,35,danish,0,82025
371,102,66,valletta,35,danish,0,82025
592,253,144,valletta,35,danish,0,82025
424,168,115,valletta,35,danish,0,82025
363,141,78,valletta,35,danish,0,82025
749,112,31,valletta,35,danish,0,82025
400,103,70,valletta,35,danish,0,82025
718,153,76,valletta,35,danish,0,82025
81,141,86,valletta,35,danish,0,82025
237,159,76,valletta,35,danish,0,82025
501,82,32,valletta,35,danish,0,82025
643,82,34,valletta,35,danish,0,82025
466,145,80,valletta,35,danish,0,82025
295,78,31,valletta,35,danish,0,82025
55,116,60,valletta,35,danish,0,82025
988,142,74,valletta,35,danish,0,82025
985,76,70,valletta,35,danish,0,82025
832,144,63,valletta,35,danish,0,82025
512,191,102,valletta,35,danish,0,82025
746,164,99,valletta,35,danish,0,82025
491,175,115,valletta,35,danish,0,82025
325,109,33,valletta,35,danish,0,82025
598,149,82,valletta,35,danish,0,82025
376,177,115,valletta,35,danish,0,82025
905,141,91,valletta,35,danish,0,82025
282,140,72,valletta,35,danish,0,82025
521,74,36,valletta,35,danish,0,82025
965,141,78,valletta,35,danish,0,82025
709,150,76,valletta,35,danish,0,82025
404,148,32,valletta,35,danish,0,82025
200,145,80,valletta,35,danish,0,82025
389,109,59,valletta,35,danish,0,82025
719,169,130,valletta,35,danish,0,82025
754,255,156,valletta,35,danish,0,82025
859,147,72,valletta,35,danish,0,82025
160,102,31,valletta,35,danish,0,82025
480,76,34,valletta,35,danish,0,82025
282,147,68,valletta,34,danish,0,82025
592,253,131,valletta,34,danish,0,82025
718,153,72,valletta,34,danish,0,82025
861,185,97,valletta,34,danish,0,82025
389,109,53,valletta,34,danish,0,82025
965,141,71,valletta,34,danish,0,82025
360,178,97,valletta,34,danish,0,82025
480,76,31,valletta,34,danish,0,82025
521,74,34,valletta,34,danish,0,82025
377,141,79,valletta,34,danish,0,82025
466,145,72,valletta,34,danish,0,82025
598,149,76,valletta,34,danish,0,82025
81,141,81,valletta,34,danish,0,82025
55,116,56,valletta,34,danish,0,82025
363,141,72,valletta,34,danish,0,82025
400,108,66,valletta,34,danish,0,82025
643,82,32,valletta,34,danish,0,82025
491,175,108,valletta,34,danish,0,82025
371,102,62,valletta,34,danish,0,82025
334,85,32,valletta,34,danish,0,82025
719,169,123,valletta,34,danish,0,82025
905,141,86,valletta,34,danish,0,82025
376,177,111,valletta,34,danish,0,82025
859,147,70,valletta,34,danish,0,82025
404,148,29,valletta,34,danish,0,82025
325,109,30,valletta,34,danish,0,82025
512,191,94,valletta,34,danish,0,82025
476,137,38,valletta,34,danish,0,82025
746,171,93,valletta,34,danish,0,82025
985,76,66,valletta,34,danish,0,82025
200,145,76,valletta,34,danish,0,82025
832,144,60,valletta,34,danish,0,82025
988,142,68,valletta,34,danish,0,82025
749,112,29,valletta,34,danish,0,82025
754,255,146,valletta,34,danish,0,82025
237,159,72,valletta,34,danish,0,82025
244,272,126,valletta,34,danish,0,82025
160,102,29,valletta,34,danish,0,82025
732,178,116,valletta,34,danish,0,82025
295,78,29,valletta,34,danish,0,82025
709,150,70,valletta,34,danish,0,82025
501,82,29,valletta,34,danish,0,82025
424,168,104,valletta,34,danish,0,82025
639,173,103,valletta,34,danish,0,82025
504,166,104,valletta,34,danish,0,82025
719,169,117,valletta,33,danish,0,82025
106,151,67,valletta,33,danish,0,82025
861,185,92,valletta,33,danish,0,82025
859,147,67,valletta,33,danish,0,82025
521,74,31,valletta,33,danish,0,82025
81,141,76,valletta,33,danish,0,82025
754,255,137,valletta,33,danish,0,82025
491,175,102,valletta,33,danish,0,82025
282,147,63,valletta,33,danish,0,82025
988,149,62,valletta,33,danish,0,82025
732,178,111,valletta,33,danish,0,82025
209,78,65,valletta,33,danish,0,82025
480,76,28,valletta,33,danish,0,82025
334,85,30,valletta,33,danish,0,82025
592,263,122,valletta,33,danish,0,82025
639,173,95,valletta,33,danish,0,82025
325,109,28,valletta,33,danish,0,82025
718,153,68,valletta,33,danish,0,82025
55,116,53,valletta,33,danish,0,82025
424,176,94,valletta,33,danish,0,82025
376,177,106,valletta,33,danish,0,82025
476,137,37,valletta,33,danish,0,82025
237,159,68,valletta,33,danish,0,82025
504,166,97,valletta,33,danish,0,82025
709,153,64,valletta,33,danish,0,82025
371,102,58,valletta,33,danish,0,82025
501,82,27,valletta,33,danish,0,82025
404,151,26,valletta,33,danish,0,82025
832,144,57,valletta,33,danish,0,82025
295,78,27,valletta,33,danish,0,82025
134,83,27,valletta,33,danish,0,82025
360,178,88,valletta,33,danish,0,82025
363,141,67,valletta,33,danish,0,82025
598,149,71,valletta,33,danish,0,82025
746,171,88,valletta,33,danish,0,82025
400,108,63,valletta,33,danish,0,82025
244,272,113,valletta,33,danish,0,82025
905,141,81,valletta,33,danish,0,82025
643,82,30,valletta,33,danish,0,82025
749,112,27,valletta,33,danish,0,82025
389,114,49,valletta,33,danish,0,82025
160,102,28,valletta,33,danish,0,82025
377,141,75,valletta,33,danish,0,82025
200,145,74,valletta,33,danish,0,82025
985,76,63,valletta,33,danish,0,82025
466,151,68,valletta,33,danish,0,82025
965,148,68,valletta,33,danish,0,82025
512,199,87,valletta,33,danish,0,82025
81,141,70,valletta,32,danish,0,82025
491,175,95,valletta,32,danish,0,82025
598,149,65,valletta,32,danish,0,82025
592,263,111,valletta,32,danish,0,82025
400,108,60,valletta,32,danish,0,82025
244,284,102,valletta,32,danish,0,82025
200,145,71,valletta,32,danish,0,82025
832,144,54,valletta,32,danish,0,82025
389,114,45,valletta,32,danish,0,82025
719,169,110,valletta,32,danish,0,82025
905,141,76,valletta,32,danish,0,82025
639,173,88,valletta,32,danish,0,82025
861,185,85,valletta,32,danish,0,82025
512,199,80,valletta,32,danish,0,82025
282,147,58,valletta,32,danish,0,82025
160,102,25,valletta,32,danish,0,82025
988,149,57,valletta,32,danish,0,82025
965,148,64,valletta,32,danish,0,82025
749,112,26,valletta,32,danish,0,82025
209,78,58,valletta,32,danish,0,82025
480,77,26,valletta,32,danish,0,82025
732,178,105,valletta,32,danish,0,82025
371,102,53,valletta,32,danish,0,82025
424,183,88,valletta,32,danish,0,82025
754,255,128,valletta,32,danish,0,82025
501,82,26,valletta,32,danish,0,82025
746,171,82,valletta,32,danish,0,82025
404,154,24,valletta,32,danish,0,82025
709,153,60,valletta,32,danish,0,82025
237,159,64,valletta,32,danish,0,82025
376,177,102,valletta,32,danish,0,82025
325,109,26,valletta,32,danish,0,82025
134,86,25,valletta,32,danish,0,82025
521,74,29,valletta,32,danish,0,82025
106,158,62,valletta,32,danish,0,82025
295,78,25,valletta,32,danish,0,82025
55,116,49,valletta,32,danish,0,82025
985,76,60,valletta,32,danish,0,82025
360,178,80,valletta,32,danish,0,82025
504,166,89,valletta,32,danish,0,82025
377,141,71,valletta,32,danish,0,82025
643,82,29,valletta,32,danish,0,82025
859,147,64,valletta,32,danish,0,82025
334,85,27,valletta,32,danish,0,82025
718,153,62,valletta,32,danish,0,82025
476,137,35,valletta,32,danish,0,82025
363,141,61,valletta,32,danish,0,82025
466,151,64,valletta,32,danish,0,82025
404,154,22,valletta,31,danish,0,82025
504,166,80,valletta,31,danish,0,82025
512,199,74,valletta,31,danish,0,82025
389,118,41,valletta,31,danish,0,82025
639,173,81,valletta,31,danish,0,82025
861,185,78,valletta,31,danish,0,82025
985,76,57,valletta,31,danish,0,82025
501,82,24,valletta,31,danish,0,82025
237,159,60,valletta,31,danish,0,82025
480,77,24,valletta,31,danish,0,82025
965,148,60,valletta,31,danish,0,82025
134,86,23,valletta,31,danish,0,82025
424,183,81,valletta,31,danish,0,82025
466,151,59,valletta,31,danish,0,82025
859,147,61,valletta,31,danish,0,82025
244,294,94,valletta,31,danish,0,82025
718,153,58,valletta,31,danish,0,82025
282,147,54,valletta,31,danish,0,82025
832,144,50,valletta,31,danish,0,82025
371,102,49,valletta,31,danish,0,82025
746,171,76,valletta,31,danish,0,82025
376,177,98,valletta,31,danish,0,82025
988,149,52,valletta,31,danish,0,82025
295,78,23,valletta,31,danish,0,82025
754,255,118,valletta,31,danish,0,82025
732,178,99,valletta,31,danish,0,82025
200,145,68,valletta,31,danish,0,82025
55,116,45,valletta,31,danish,0,82025
709,153,56,valletta,31,danish,0,82025
592,275,105,valletta,31,danish,0,82025
749,112,24,valletta,31,danish,0,82025
491,175,90,valletta,31,danish,0,82025
325,111,24,valletta,31,danish,0,82025
643,82,27,valletta,31,danish,0,82025
377,141,68,valletta,31,danish,0,82025
476,137,34,valletta,31,danish,0,82025
81,141,66,valletta,31,danish,0,82025
598,153,60,valletta,31,danish,0,82025
400,108,58,valletta,31,danish,0,82025
209,78,52,valletta,31,danish,0,82025
334,87,25,valletta,31,danish,0,82025
160,102,23,valletta,31,danish,0,82025
719,169,102,valletta,31,danish,0,82025
521,74,27,valletta,31,danish,0,82025
360,178,71,valletta,31,danish,0,82025
363,141,56,valletta,31,danish,0,82025
106,158,57,valletta,31,danish,0,82025
905,141,70,valletta,31,danish,0,82025
985,76,54,valletta,30,danish,0,82025
466,151,56,valletta,30,danish,0,82025
377,141,64,valletta,30,danish,0,82025
504,173,74,valletta,30,danish,0,82025
55,116,41,valletta,30,danish,0,82025
832,144,48,valletta,30,danish,0,82025
732,178,93,valletta,30,danish,0,82025
404,154,20,valletta,30,danish,0,82025
988,156,49,valletta,30,danish,0,82025
749,112,23,valletta,30,danish,0,82025
905,141,65,valletta,30,danish,0,82025
598,156,55,valletta,30,danish,0,82025
360,178,62,valletta,30,danish,0,82025
512,199,67,valletta,30,danish,0,82025
424,183,74,valletta,30,danish,0,82025
643,82,25,valletta,30,danish,0,82025
491,175,85,valletta,30,danish,0,82025
965,148,56,valletta,30,danish,0,82025
859,147,58,valletta,30,danish,0,82025
363,148,50,valletta,30,danish,0,82025
325,111,23,valletta,30,danish,0,82025
400,108,55,valletta,30,danish,0,82025
501,82,22,valletta,30,danish,0,82025
134,86,22,valletta,30,danish,0,82025
480,77,22,valletta,30,danish,0,82025
718,153,56,valletta,30,danish,0,82025
754,255,108,valletta,30,danish,0,82025
106,158,52,valletta,30,danish,0,82025
209,78,46,valletta,30,danish,0,82025
376,177,93,valletta,30,danish,0,82025
592,275,99,valletta,30,danish,0,82025
371,104,46,valletta,30,danish,0,82025
521,74,24,valletta,30,danish,0,82025
295,80,21,valletta,30,danish,0,82025
709,153,52,valletta,30,danish,0,82025
389,118,38,valletta,30,danish,0,82025
746,171,71,valletta,30,danish,0,82025
639,181,76,valletta,30,danish,0,82025
237,159,56,valletta,30,danish,0,82025
200,145,66,valletta,30,danish,0,82025
861,192,73,valletta,30,danish,0,82025
81,141,62,valletta,30,danish,0,82025
476,137,33,valletta,30,danish,0,82025
160,102,21,valletta,30,danish,0,82025
244,305,88,valletta,30,danish,0,82025
282,147,50,valletta,30,danish,0,82025
719,169,97,valletta,30,danish,0,82025
334,87,23,valletta,30,danish,0,82025
861,192,67,valletta,29,danish,0,82025
389,118,34,valletta,29,danish,0,82025
965,148,52,valletta,29,danish,0,82025
521,74,22,valletta,29,danish,0,82025
749,112,21,valletta,29,danish,0,82025
424,191,69,valletta,29,danish,0,82025
237,159,52,valletta,29,danish,0,82025
592,275,92,valletta,29,danish,0,82025
491,175,80,valletta,29,danish,0,82025
363,154,48,valletta,29,danish,0,82025
718,153,52,valletta,29,danish,0,82025
134,86,20,valletta,29,danish,0,82025
55,116,37,valletta,29,danish,0,82025
639,181,69,valletta,29,danish,0,82025
512,199,59,valletta,29,danish,0,82025
200,145,64,valletta,29,danish,0,82025
106,164,47,valletta,29,danish,0,82025
709,153,49,valletta,29,danish,0,82025
377,141,60,valletta,29,danish,0,82025
501,82,20,valletta,29,danish,0,82025
371,104,42,valletta,29,danish,0,82025
643,82,23,valletta,29,danish,0,82025
719,169,90,valletta,29,danish,0,82025
598,156,50,valletta,29,danish,0,82025
295,80,19,valletta,29,danish,0,82025
244,305,83,valletta,29,danish,0,82025
325,111,21,valletta,29,danish,0,82025
400,108,53,valletta,29,danish,0,82025
746,171,66,valletta,29,danish,0,82025
160,107,20,valletta,29,danish,0,82025
732,178,86,valletta,29,danish,0,82025
376,177,88,valletta,29,danish,0,82025
334,87,22,valletta,29,danish,0,82025
282,147,45,valletta,29,danish,0,82025
466,151,52,valletta,29,danish,0,82025
832,144,44,valletta,29,danish,0,82025
504,173,66,valletta,29,danish,0,82025
480,81,20,valletta,29,danish,0,82025
859,147,56,valletta,29,danish,0,82025
985,76,52,valletta,29,danish,0,82025
476,137,32,valletta,29,danish,0,82025
905,141,60,valletta,29,danish,0,82025
209,78,39,valletta,29,danish,0,82025
360,187,57,valletta,29,danish,0,82025
754,266,101,valletta,29,danish,0,82025
404,154,17,valletta,29,danish,0,82025
81,141,58,valletta,29,danish,0,82025
988,156,46,valletta,29,danish,0,82025
749,112,19,valletta,28,danish,0,82025
400,108,51,valletta,28,danish,0,82025
732,178,79,valletta,28,danish,0,82025
466,151,48,valletta,28,danish,0,82025
480,81,19,valletta,28,danish,0,82025
988,156,43,valletta,28,danish,0,82025
832,144,41,valletta,28,danish,0,82025
476,137,31,valletta,28,danish,0,82025
376,177,84,valletta,28,danish,0,82025
377,141,57,valletta,28,danish,0,82025
754,266,93,valletta,28,danish,0,82025
965,148,48,valletta,28,danish,0,82025
334,87,20,valletta,28,danish,0,82025
200,145,62,valletta,28,danish,0,82025
404,154,15,valletta,28,danish,0,82025
718,153,48,valletta,28,danish,0,82025
719,169,85,valletta,28,danish,0,82025
746,171,62,valletta,28,danish,0,82025
81,141,54,valletta,28,danish,0,82025
237,159,47,valletta,28,danish,0,82025
501,86,19,valletta,28,danish,0,82025
859,147,52,valletta,28,danish,0,82025
295,81,18,valletta,28,danish,0,82025
592,275,85,valletta,28,danish,0,82025
55,116,34,valletta,28,danish,0,82025
134,87,18,valletta,28,danish,0,82025
512,206,54,valletta,28,danish,0,82025
639,181,62,valletta,28,danish,0,82025
106,164,42,valletta,28,danish,0,82025
504,181,62,valletta,28,danish,0,82025
709,153,46,valletta,28,danish,0,82025
643,83,21,valletta,28,danish,0,82025
491,175,76,valletta,28,danish,0,82025
861,192,62,valletta,28,danish,0,82025
160,107,18,valletta,28,danish,0,82025
389,123,32,valletta,28,danish,0,82025
244,305,79,valletta,28,danish,0,82025
905,141,53,valletta,28,danish,0,82025
598,156,45,valletta,28,danish,0,82025
363,154,46,valletta,28,danish,0,82025
371,104,39,valletta,28,danish,0,82025
360,195,53,valletta,28,danish,0,82025
985,76,49,valletta,28,danish,0,82025
282,147,41,valletta,28,danish,0,82025
424,191,63,valletta,28,danish,0,82025
521,74,20,valletta,28,danish,0,82025
209,78,32,valletta,28,danish,0,82025
325,111,20,valletta,28,danish,0,82025
754,266,86,valletta,27,danish,0,82025
424,191,56,valletta,27,danish,0,82025
334,87,19,valletta,27,danish,0,82025
55,116,31,valletta,27,danish,0,82025
521,74,18,valletta,27,danish,0,82025
200,145,60,valletta,27,danish,0,82025
476,137,30,valletta,27,danish,0,82025
134,87,16,valletta,27,danish,0,82025
160,107,17,valletta,27,danish,0,82025
363,154,43,valletta,27,danish,0,82025
861,192,55,valletta,27,danish,0,82025
709,153,42,valletta,27,danish,0,82025
295,81,17,valletta,27,danish,0,82025
732,178,72,valletta,27,danish,0,82025
504,181,57,valletta,27,danish,0,82025
376,177,80,valletta,27,danish,0,82025
377,141,53,valletta,27,danish,0,82025
985,76,47,valletta,27,danish,0,82025
598,156,40,valletta,27,danish,0,82025
643,83,19,valletta,27,danish,0,82025
718,153,46,valletta,27,danish,0,82025
480,81,18,valletta,27,danish,0,82025
237,159,42,valletta,27,danish,0,82025
81,141,50,valletta,27,danish,0,82025
639,188,57,valletta,27,danish,0,82025
360,195,50,valletta,27,danish,0,82025
400,108,49,valletta,27,danish,0,82025
859,147,49,valletta,27,danish,0,82025
719,169,79,valletta,27,danish,0,82025
282,147,37,valletta,27,danish,0,82025
988,156,40,valletta,27,danish,0,82025
749,117,17,valletta,27,danish,0,82025
325,111,18,valletta,27,danish,0,82025
106,164,38,valletta,27,danish,0,82025
209,78,26,valletta,27,danish,0,82025
592,275,78,valletta,27,danish,0,82025
746,171,57,valletta,27,danish,0,82025
404,154,12,valletta,27,danish,0,82025
832,144,37,valletta,27,danish,0,82025
466,151,44,valletta,27,danish,0,82025
905,148,48,valletta,27,danish,0,82025
491,175,72,valletta,27,danish,0,82025
501,86,17,valletta,27,danish,0,82025
512,214,50,valletta,27,danish,0,82025
965,148,44,valletta,27,danish,0,82025
371,104,35,valletta,27,danish,0,82025
244,305,74,valletta,27,danish,0,82025
389,123,29,valletta,27,danish,0,82025
160,107,15,valletta,26,danish,0,82025
237,159,38,valletta,26,danish,0,82025
521,78,16,valletta,26,danish,0,82025
598,156,34,valletta,26,danish,0,82025
404,154,9,valletta,26,danish,0,82025
504,181,52,valletta,26,danish,0,82025
592,275,72,valletta,26,danish,0,82025
965,148,40,valletta,26,danish,0,82025
400,108,47,valletta,26,danish,0,82025
512,214,45,valletta,26,danish,0,82025
732,178,64,valletta,26,danish,0,82025
295,81,16,valletta,26,danish,0,82025
134,87,15,valletta,26,danish,0,82025
466,151,40,valletta,26,danish,0,82025
754,266,80,valletta,26,danish,0,82025
718,153,42,valletta,26,danish,0,82025
325,111,16,valletta,26,danish,0,82025
244,305,69,valletta,26,danish,0,82025
709,153,38,valletta,26,danish,0,82025
905,148,43,valletta,26,danish,0,82025
360,195,46,valletta,26,danish,0,82025
424,191,50,valletta,26,danish,0,82025
371,104,31,valletta,26,danish,0,82025
376,177,76,valletta,26,danish,0,82025
282,147,33,valletta,26,danish,0,82025
988,156,38,valletta,26,danish,0,82025
501,86,16,valletta,26,danish,0,82025
55,122,29,valletta,26,danish,0,82025
377,141,49,valletta,26,danish,0,82025
639,188,53,valletta,26,danish,0,82025
476,137,29,valletta,26,danish,0,82025
985,76,45,valletta,26,danish,0,82025
749,117,15,valletta,26,danish,0,82025
643,83,18,valletta,26,danish,0,82025
859,147,45,valletta,26,danish,0,82025
106,164,34,valletta,26,danish,0,82025
719,169,74,valletta,26,danish,0,82025
363,154,40,valletta,26,danish,0,82025
389,123,26,valletta,26,danish,0,82025
832,144,32,valletta,26,danish,0,82025
200,145,58,valletta,26,danish,0,82025
746,171,53,valletta,26,danish,0,82025
861,192,49,valletta,26,danish,0,82025
209,78,20,valletta,26,danish,0,82025
334,87,18,valletta,26,danish,0,82025
480,81,17,valletta,26,danish,0,82025
81,141,46,valletta,26,danish,0,82025
491,175,68,valletta,26,danish,0,82025
424,199,46,valletta,25,danish,0,82025
160,111,14,valletta,25,danish,0,82025
988,156,35,valletta,25,danish,0,82025
404,154,6,valletta,25,danish,0,82025
237,166,36,valletta,25,danish,0,82025
709,153,34,valletta,25,danish,0,82025
466,151,36,valletta,25,danish,0,82025
832,150,29,valletta,25,danish,0,82025
643,86,16,valletta,25,danish,0,82025
200,145,56,valletta,25,danish,0,82025
639,188,49,valletta,25,danish,0,82025
512,214,41,valletta,25,danish,0,82025
592,275,64,valletta,25,danish,0,82025
209,78,14,valletta,25,danish,0,82025
491,175,64,valletta,25,danish,0,82025
363,154,38,valletta,25,danish,0,82025
718,153,40,valletta,25,danish,0,82025
334,87,16,valletta,25,danish,0,82025
598,156,28,valletta,25,danish,0,82025
134,87,13,valletta,25,danish,0,82025
732,178,57,valletta,25,danish,0,82025
389,127,23,valletta,25,danish,0,82025
965,154,36,valletta,25,danish,0,82025
859,147,41,valletta,25,danish,0,82025
106,164,31,valletta,25,danish,0,82025
376,177,71,valletta,25,danish,0,82025
371,109,28,valletta,25,danish,0,82025
501,86,15,valletta,25,danish,0,82025
282,153,30,valletta,25,danish,0,82025
985,76,43,valletta,25,danish,0,82025
325,111,15,valletta,25,danish,0,82025
476,137,28,valletta,25,danish,0,82025
754,266,73,valletta,25,danish,0,82025
480,81,15,valletta,25,danish,0,82025
719,169,68,valletta,25,danish,0,82025
749,122,14,valletta,25,danish,0,82025
861,200,44,valletta,25,danish,0,82025
905,148,37,valletta,25,danish,0,82025
81,141,42,valletta,25,danish,0,82025
360,195,42,valletta,25,danish,0,82025
504,181,48,valletta,25,danish,0,82025
400,108,45,valletta,25,danish,0,82025
244,305,64,valletta,25,danish,0,82025
521,81,15,valletta,25,danish,0,82025
55,122,26,valletta,25,danish,0,82025
377,145,45,valletta,25,danish,0,82025
295,81,14,valletta,25,danish,0,82025
746,171,49,valletta,25,danish,0,82025
732,178,50,valletta,24,danish,0,82025
55,122,24,valletta,24,danish,0,82025
400,108,43,valletta,24,danish,0,82025
491,175,60,valletta,24,danish,0,82025
501,86,14,valletta,24,danish,0,82025
81,141,38,valletta,24,danish,0,82025
861,200,41,valletta,24,danish,0,82025
749,122,12,valletta,24,danish,0,82025
709,153,30,valletta,24,danish,0,82025
404,154,3,valletta,24,danish,0,82025
965,154,33,valletta,24,danish,0,82025
639,188,45,valletta,24,danish,0,82025
480,81,14,valletta,24,danish,0,82025
718,153,37,valletta,24,danish,0,82025
360,195,38,valletta,24,danish,0,82025
237,166,33,valletta,24,danish,0,82025
363,154,36,valletta,24,danish,0,82025
512,214,38,valletta,24,danish,0,82025
905,154,33,valletta,24,danish,0,82025
643,86,14,valletta,24,danish,0,82025
200,145,54,valletta,24,danish,0,82025
160,111,13,valletta,24,danish,0,82025
377,148,41,valletta,24,danish,0,82025
134,87,12,valletta,24,danish,0,82025
985,76,41,valletta,24,danish,0,82025
209,78,8,valletta,24,danish,0,82025
592,285,58,valletta,24,danish,0,82025
504,181,44,valletta,24,danish,0,82025
521,81,13,valletta,24,danish,0,82025
832,157,27,valletta,24,danish,0,82025
746,171,45,valletta,24,danish,0,82025
598,156,21,valletta,24,danish,0,82025
389,127,21,valletta,24,danish,0,82025
754,266,65,valletta,24,danish,0,82025
859,147,37,valletta,24,danish,0,82025
424,199,42,valletta,24,danish,0,82025
282,153,28,valletta,24,danish,0,82025
244,305,59,valletta,24,danish,0,82025
325,111,13,valletta,24,danish,0,82025
371,109,25,valletta,24,danish,0,82025
988,156,32,valletta,24,danish,0,82025
476,137,27,valletta,24,danish,0,82025
106,164,28,valletta,24,danish,0,82025
376,177,66,valletta,24,danish,0,82025
334,87,15,valletta,24,danish,0,82025
295,81,13,valletta,24,danish,0,82025
719,169,63,valletta,24,danish,0,82025
466,151,33,valletta,24,danish,0,82025
389,127,19,valletta,23,danish,0,82025
719,169,57,valletta,23,danish,0,82025
859,153,34,valletta,23,danish,0,82025
504,181,40,valletta,23,danish,0,82025
639,188,41,valletta,23,danish,0,82025
643,86,13,valletta,23,danish,0,82025
718,153,34,valletta,23,danish,0,82025
466,151,29,valletta,23,danish,0,82025
334,87,14,valletta,23,danish,0,82025
244,305,54,valletta,23,danish,0,82025
598,156,15,valletta,23,danish,0,82025
237,166,30,valletta,23,danish,0,82025
282,153,24,valletta,23,danish,0,82025
200,145,50,valletta,23,danish,0,82025
746,171,41,valletta,23,danish,0,82025
512,214,34,valletta,23,danish,0,82025
732,187,45,valletta,23,danish,0,82025
754,277,59,valletta,23,danish,0,82025
905,161,30,valletta,23,danish,0,82025
376,177,62,valletta,23,danish,0,82025
295,81,11,valletta,23,danish,0,82025
209,78,2,valletta,23,danish,0,82025
832,157,25,valletta,23,danish,0,82025
988,156,28,valletta,23,danish,0,82025
521,81,12,valletta,23,danish,0,82025
965,154,30,valletta,23,danish,0,82025
81,148,34,valletta,23,danish,0,82025
476,137,26,valletta,23,danish,0,82025
709,153,24,valletta,23,danish,0,82025
592,285,51,valletta,23,danish,0,82025
360,195,34,valletta,23,danish,0,82025
106,170,26,valletta,23,danish,0,82025
134,87,10,valletta,23,danish,0,82025
861,200,37,valletta,23,danish,0,82025
400,108,41,valletta,23,danish,0,82025
491,175,56,valletta,23,danish,0,82025
363,154,32,valletta,23,danish,0,82025
371,109,22,valletta,23,danish,0,82025
985,76,39,valletta,23,danish,0,82025
55,122,22,valletta,23,danish,0,82025
501,86,13,valletta,23,danish,0,82025
404,154,0,valletta,23,danish,0,82025
749,127,11,valletta,23,danish,0,82025
160,111,12,valletta,23,danish,0,82025
377,152,37,valletta,23,danish,0,82025
424,199,38,valletta,23,danish,0,82025
480,81,13,valletta,23,danish,0,82025
325,111,11,valletta,23,danish,0,82025
389,132,17,valletta,22,danish,0,82025
512,214,31,valletta,22,danish,0,82025
749,127,10,valletta,22,danish,0,82025
504,181,36,valletta,22,danish,0,82025
325,111,10,valletta,22,danish,0,82025
360,202,31,valletta,22,danish,0,82025
404,154,0,valletta,22,danish,0,82025
521,81,11,valletta,22,danish,0,82025
746,171,36,valletta,22,danish,0,82025
832,157,23,valletta,22,danish,0,82025
861,200,34,valletta,22,danish,0,82025
592,285,44,valletta,22,danish,0,82025
55,122,20,valletta,22,danish,0,82025
905,161,27,valletta,22,danish,0,82025
371,109,19,valletta,22,danish,0,82025
501,86,12,valletta,22,danish,0,82025
709,153,20,valletta,22,danish,0,82025
377,154,34,valletta,22,danish,0,82025
598,156,8,valletta,22,danish,0,82025
859,153,30,valletta,22,danish,0,82025
965,154,27,valletta,22,danish,0,82025
134,87,9,valletta,22,danish,0,82025
719,169,52,valletta,22,danish,0,82025
244,305,48,valletta,22,danish,0,82025
480,81,12,valletta,22,danish,0,82025
282,160,22,valletta,22,danish,0,82025
237,166,28,valletta,22,danish,0,82025
363,154,29,valletta,22,danish,0,82025
476,137,25,valletta,22,danish,0,82025
160,111,11,valletta,22,danish,0,82025
988,156,26,valletta,22,danish,0,82025
732,187,40,valletta,22,danish,0,82025
718,153,32,valletta,22,danish,0,82025
295,81,9,valletta,22,danish,0,82025
209,78,0,valletta,22,danish,0,82025
334,87,13,valletta,22,danish,0,82025
400,108,40,valletta,22,danish,0,82025
639,188,37,valletta,22,danish,0,82025
643,86,12,valletta,22,danish,0,82025
81,148,31,valletta,22,danish,0,82025
985,76,38,valletta,22,danish,0,82025
754,277,54,valletta,22,danish,0,82025
491,175,52,valletta,22,danish,0,82025
376,177,56,valletta,22,danish,0,82025
200,145,48,valletta,22,danish,0,82025
424,199,35,valletta,22,danish,0,82025
466,158,26,valletta,22,danish,0,82025
106,170,24,valletta,22,danish,0,82025
592,285,35,valletta,21,danish,0,82025
965,154,24,valletta,21,danish,0,82025
160,111,10,valletta,21,danish,0,82025
643,86,10,valletta,21,danish,0,82025
200,145,44,valletta,21,danish,0,82025
598,156,2,valletta,21,danish,0,82025
325,111,8,valletta,21,danish,0,82025
480,81,11,valletta,21,danish,0,82025
476,137,24,valletta,21,danish,0,82025
106,170,22,valletta,21,danish,0,82025
404,154,0,valletta,21,danish,0,82025
237,166,26,valletta,21,danish,0,82025
985,76,36,valletta,21,danish,0,82025
754,277,49,valletta,21,danish,0,82025
512,214,29,valletta,21,danish,0,82025
832,157,21,valletta,21,danish,0,82025
719,169,48,valletta,21,danish,0,82025
521,81,9,valletta,21,danish,0,82025
466,158,23,valletta,21,danish,0,82025
749,127,8,valletta,21,danish,0,82025
861,200,30,valletta,21,danish,0,82025
363,154,26,valletta,21,danish,0,82025
134,87,7,valletta,21,danish,0,82025
718,153,30,valletta,21,danish,0,82025
334,87,12,valletta,21,danish,0,82025
501,86,11,valletta,21,danish,0,82025
732,187,36,valletta,21,danish,0,82025
491,175,49,valletta,21,danish,0,82025
709,153,16,valletta,21,danish,0,82025
55,122,18,valletta,21,danish,0,82025
376,177,51,valletta,21,danish,0,82025
377,154,31,valletta,21,danish,0,82025
371,109,16,valletta,21,danish,0,82025
360,218,29,valletta,21,danish,0,82025
988,156,22,valletta,21,danish,0,82025
504,181,33,valletta,21,danish,0,82025
746,178,32,valletta,21,danish,0,82025
209,78,0,valletta,21,danish,0,82025
389,132,15,valletta,21,danish,0,82025
905,161,24,valletta,21,danish,0,82025
295,81,7,valletta,21,danish,0,82025
244,305,42,valletta,21,danish,0,82025
400,108,38,valletta,21,danish,0,82025
424,199,31,valletta,21,danish,0,82025
859,153,26,valletta,21,danish,0,82025
639,188,34,valletta,21,danish,0,82025
859,153,22,valletta,20,danish,0,82025
598,156,0,valletta,20,danish,0,82025
501,86,9,valletta,20,danish,0,82025
376,177,47,valletta,20,danish,0,82025
360,218,28,valletta,20,danish,0,82025
643,86,9,valletta,20,danish,0,82025
709,153,12,valletta,20,danish,0,82025
480,81,10,valletta,20,danish,0,82025
491,175,45,valletta,20,danish,0,82025
861,200,27,valletta,20,danish,0,82025
134,87,6,valletta,20,danish,0,82025
160,111,10,valletta,20,danish,0,82025
377,154,28,valletta,20,danish,0,82025
746,178,30,valletta,20,danish,0,82025
334,87,11,valletta,20,danish,0,82025
592,307,30,valletta,20,danish,0,82025
749,136,7,valletta,20,danish,0,82025
754,277,45,valletta,20,danish,0,82025
325,111,6,valletta,20,danish,0,82025
512,214,26,valletta,20,danish,0,82025
404,154,0,valletta,20,danish,0,82025
55,122,16,valletta,20,danish,0,82025
363,154,22,valletta,20,danish,0,82025
244,327,38,valletta,20,danish,0,82025
965,154,20,valletta,20,danish,0,82025
389,132,13,valletta,20,danish,0,82025
371,109,14,valletta,20,danish,0,82025
209,78,0,valletta,20,danish,0,82025
200,145,42,valletta,20,danish,0,82025
905,167,21,valletta,20,danish,0,82025
424,199,28,valletta,20,danish,0,82025
295,81,6,valletta,20,danish,0,82025
521,85,8,valletta,20,danish,0,82025
718,153,26,valletta,20,danish,0,82025
732,195,32,valletta,20,danish,0,82025
106,170,21,valletta,20,danish,0,82025
988,162,20,valletta,20,danish,0,82025
504,181,29,valletta,20,danish,0,82025
476,137,24,valletta,20,danish,0,82025
719,169,43,valletta,20,danish,0,82025
400,108,36,valletta,20,danish,0,82025
985,76,34,valletta,20,danish,0,82025
466,164,20,valletta,20,danish,0,82025
237,166,24,valletta,20,danish,0,82025
639,188,31,valletta,20,danish,0,82025
832,157,20,valletta,20,danish,0,82025
859,153,19,valletta,19,danish,0,82025
106,170,20,valletta,19,danish,0,82025
371,109,12,valletta,19,danish,0,82025
466,170,18,valletta,19,danish,0,82025
480,83,9,valletta,19,danish,0,82025
244,327,34,valletta,19,danish,0,82025
363,161,20,valletta,19,danish,0,82025
985,76,33,valletta,19,danish,0,82025
643,86,7,valletta,19,danish,0,82025
512,214,23,valletta,19,danish,0,82025
988,182,19,valletta,19,danish,0,82025
295,81,4,valletta,19,danish,0,82025
325,111,4,valletta,19,danish,0,82025
592,351,28,valletta,19,danish,0,82025
424,199,25,valletta,19,danish,0,82025
237,166,22,valletta,19,danish,0,82025
200,145,39,valletta,19,danish,0,82025
360,218,27,valletta,19,danish,0,82025
334,87,10,valletta,19,danish,0,82025
376,177,42,valletta,19,danish,0,82025
746,178,28,valletta,19,danish,0,82025
832,157,18,valletta,19,danish,0,82025
55,136,14,valletta,19,danish,0,82025
389,132,11,valletta,19,danish,0,82025
504,188,27,valletta,19,danish,0,82025
134,87,4,valletta,19,danish,0,82025
905,181,19,valletta,19,danish,0,82025
718,153,24,valletta,19,danish,0,82025
639,188,28,valletta,19,danish,0,82025
598,156,0,valletta,19,danish,0,82025
749,136,7,valletta,19,danish,0,82025
160,111,9,valletta,19,danish,0,82025
709,153,8,valletta,19,danish,0,82025
732,195,29,valletta,19,danish,0,82025
476,137,23,valletta,19,danish,0,82025
521,95,8,valletta,19,danish,0,82025
501,89,8,valletta,19,danish,0,82025
754,277,41,valletta,19,danish,0,82025
719,169,38,valletta,19,danish,0,82025
861,209,24,valletta,19,danish,0,82025
965,181,19,valletta,19,danish,0,82025
491,175,41,valletta,19,danish,0,82025
404,154,0,valletta,19,danish,0,82025
377,154,25,valletta,19,danish,0,82025
400,108,35,valletta,19,danish,0,82025
209,78,0,valletta,19,danish,0,82025
160,111,8,valletta,18,danish,0,82025
400,108,34,valletta,18,danish,0,82025
360,218,25,valletta,18,danish,0,82025
832,157,16,valletta,18,danish,0,82025
55,136,13,valletta,18,danish,0,82025
718,160,21,valletta,18,danish,0,82025
424,199,22,valletta,18,danish,0,82025
988,182,18,valletta,18,danish,0,82025
371,109,10,valletta,18,danish,0,82025
719,169,34,valletta,18,danish,0,82025
905,181,17,valletta,18,danish,0,82025
106,170,18,valletta,18,danish,0,82025
134,87,3,valletta,18,danish,0,82025
209,78,0,valletta,18,danish,0,82025
476,137,22,valletta,18,danish,0,82025
501,89,7,valletta,18,danish,0,82025
376,177,37,valletta,18,danish,0,82025
521,95,7,valletta,18,danish,0,82025
295,81,3,valletta,18,danish,0,82025
709,153,2,valletta,18,danish,0,82025
861,209,21,valletta,18,danish,0,82025
334,87,9,valletta,18,danish,0,82025
732,195,25,valletta,18,danish,0,82025
965,181,18,valletta,18,danish,0,82025
480,83,8,valletta,18,danish,0,82025
363,161,18,valletta,18,danish,0,82025
643,86,6,valletta,18,danish,0,82025
746,178,26,valletta,18,danish,0,82025
598,156,0,valletta,18,danish,0,82025
749,136,6,valletta,18,danish,0,82025
859,153,15,valletta,18,danish,0,82025
244,327,30,valletta,18,danish,0,82025
466,184,18,valletta,18,danish,0,82025
592,351,26,valletta,18,danish,0,82025
200,145,36,valletta,18,danish,0,82025
504,211,25,valletta,18,danish,0,82025
512,214,20,valletta,18,danish,0,82025
377,154,22,valletta,18,danish,0,82025
754,277,37,valletta,18,danish,0,82025
491,175,36,valletta,18,danish,0,82025
389,132,8,valletta,18,danish,0,82025
237,166,20,valletta,18,danish,0,82025
639,188,25,valletta,18,danish,0,82025
325,111,3,valletta,18,danish,0,82025
404,154,0,valletta,18,danish,0,82025
985,76,31,valletta,18,danish,0,82025
709,153,0,valletta,17,danish,0,82025
237,166,18,valletta,17,danish,0,82025
200,145,34,valletta,17,danish,0,82025
325,111,1,valletta,17,danish,0,82025
55,136,11,valletta,17,danish,0,82025
905,181,15,valletta,17,danish,0,82025
746,178,24,valletta,17,danish,0,82025
592,351,24,valletta,17,danish,0,82025
244,327,26,valletta,17,danish,0,82025
521,95,7,valletta,17,danish,0,82025
732,218,24,valletta,17,danish,0,82025
376,177,33,valletta,17,danish,0,82025
749,136,5,valletta,17,danish,0,82025
859,153,11,valletta,17,danish,0,82025
598,156,0,valletta,17,danish,0,82025
106,184,17,valletta,17,danish,0,82025
504,211,24,valletta,17,danish,0,82025
985,76,29,valletta,17,danish,0,82025
466,184,16,valletta,17,danish,0,82025
209,78,0,valletta,17,danish,0,82025
389,132,6,valletta,17,danish,0,82025
639,188,22,valletta,17,danish,0,82025
363,161,16,valletta,17,danish,0,82025
861,209,18,valletta,17,danish,0,82025
480,83,7,valletta,17,danish,0,82025
476,137,21,valletta,17,danish,0,82025
988,182,17,valletta,17,danish,0,82025
377,154,19,valletta,17,danish,0,82025
719,169,29,valletta,17,danish,0,82025
424,199,20,valletta,17,danish,0,82025
371,109,8,valletta,17,danish,0,82025
965,181,17,valletta,17,danish,0,82025
832,157,14,valletta,17,danish,0,82025
160,111,8,valletta,17,danish,0,82025
754,277,33,valletta,17,danish,0,82025
501,93,7,valletta,17,danish,0,82025
360,218,24,valletta,17,danish,0,82025
643,86,5,valletta,17,danish,0,82025
512,214,18,valletta,17,danish,0,82025
334,87,8,valletta,17,danish,0,82025
295,81,2,valletta,17,danish,0,82025
400,108,32,valletta,17,danish,0,82025
134,87,2,valletta,17,danish,0,82025
718,160,18,valletta,17,danish,0,82025
491,175,32,valletta,17,danish,0,82025
404,154,0,valletta,17,danish,0,82025
400,108,30,valletta,16,danish,0,82025
512,214,16,valletta,16,danish,0,82025
718,160,16,valletta,16,danish,0,82025
746,178,23,valletta,16,danish,0,82025
985,76,27,valletta,16,danish,0,82025
389,132,4,valletta,16,danish,0,82025
709,153,0,valletta,16,danish,0,82025
363,181,16,valletta,16,danish,0,82025
501,100,6,valletta,16,danish,0,82025
466,184,15,valletta,16,danish,0,82025
643,86,3,valletta,16,danish,0,82025
376,177,28,valletta,16,danish,0,82025
106,184,16,valletta,16,danish,0,82025
905,181,13,valletta,16,danish,0,82025
754,277,29,valletta,16,danish,0,82025
404,154,0,valletta,16,danish,0,82025
209,78,0,valletta,16,danish,0,82025
965,181,16,valletta,16,danish,0,82025
476,137,20,valletta,16,danish,0,82025
200,145,31,valletta,16,danish,0,82025
859,153,6,valletta,16,danish,0,82025
237,166,16,valletta,16,danish,0,82025
719,169,24,valletta,16,danish,0,82025
749,136,4,valletta,16,danish,0,82025
295,81,0,valletta,16,danish,0,82025
504,211,22,valletta,16,danish,0,82025
832,162,12,valletta,16,danish,0,82025
491,175,28,valletta,16,danish,0,82025
732,218,22,valletta,16,danish,0,82025
371,109,6,valletta,16,danish,0,82025
861,209,15,valletta,16,danish,0,82025
244,327,22,valletta,16,danish,0,82025
160,111,7,valletta,16,danish,0,82025
134,87,0,valletta,16,danish,0,82025
325,111,0,valletta,16,danish,0,82025
360,218,22,valletta,16,danish,0,82025
480,83,6,valletta,16,danish,0,82025
334,87,6,valletta,16,danish,0,82025
639,188,20,valletta,16,danish,0,82025
521,95,6,valletta,16,danish,0,82025
55,136,10,valletta,16,danish,0,82025
592,351,22,valletta,16,danish,0,82025
988,182,16,valletta,16,danish,0,82025
377,154,16,valletta,16,danish,0,82025
598,156,0,valletta,16,danish,0,82025
424,199,16,valletta,16,danish,0,82025
749,136,3,valletta,15,danish,0,82025
476,137,19,valletta,15,danish,0,82025
861,247,13,valletta,15,danish,0,82025
709,153,0,valletta,15,danish,0,82025
592,351,20,valletta,15,danish,0,82025
639,203,18,valletta,15,danish,0,82025
643,86,2,valletta,15,danish,0,82025
55,136,9,valletta,15,danish,0,82025
754,299,26,valletta,15,danish,0,82025
404,154,0,valletta,15,danish,0,82025
504,211,21,valletta,15,danish,0,82025
512,237,15,valletta,15,danish,0,82025
985,76,25,valletta,15,danish,0,82025
376,192,24,valletta,15,danish,0,82025
209,78,0,valletta,15,danish,0,82025
965,181,15,valletta,15,danish,0,82025
859,153,2,valletta,15,danish,0,82025
363,181,14,valletta,15,danish,0,82025
746,178,22,valletta,15,danish,0,82025
200,145,28,valletta,15,danish,0,82025
244,381,20,valletta,15,danish,0,82025
988,182,15,valletta,15,danish,0,82025
360,218,21,valletta,15,danish,0,82025
237,185,15,valletta,15,danish,0,82025
732,218,21,valletta,15,danish,0,82025
134,87,0,valletta,15,danish,0,82025
491,182,24,valletta,15,danish,0,82025
424,221,14,valletta,15,danish,0,82025
905,181,11,valletta,15,danish,0,82025
719,185,20,valletta,15,danish,0,82025
400,108,29,valletta,15,danish,0,82025
160,111,7,valletta,15,danish,0,82025
832,175,11,valletta,15,danish,0,82025
334,89,5,valletta,15,danish,0,82025
718,178,14,valletta,15,danish,0,82025
371,109,3,valletta,15,danish,0,82025
501,100,6,valletta,15,danish,0,82025
466,184,14,valletta,15,danish,0,82025
325,111,0,valletta,15,danish,0,82025
389,132,2,valletta,15,danish,0,82025
480,83,5,valletta,15,danish,0,82025
598,156,0,valletta,15,danish,0,82025
106,184,16,valletta,15,danish,0,82025
295,81,0,valletta,15,danish,0,82025
377,154,12,valletta,15,danish,0,82025
521,95,6,valletta,15,danish,0,82025
106,184,16,valletta,14,danish,0,82025
334,89,4,valletta,14,danish,0,82025
363,181,14,valletta,14,danish,0,82025
504,211,20,valletta,14,danish,0,82025
746,178,20,valletta,14,danish,0,82025
476,137,18,valletta,14,danish,0,82025
400,108,28,valletta,14,danish,0,82025
81,181,14,valletta,14,danish,0,82025
200,145,26,valletta,14,danish,0,82025
985,76,23,valletta,14,danish,0,82025
598,156,0,valletta,14,danish,0,82025
754,332,24,valletta,14,danish,0,82025
859,153,0,valletta,14,danish,0,82025
832,175,10,valletta,14,danish,0,82025
512,237,13,valletta,14,danish,0,82025
282,178,14,valletta,14,danish,0,82025
480,83,4,valletta,14,danish,0,82025
491,190,20,valletta,14,danish,0,82025
424,244,12,valletta,14,danish,0,82025
719,209,18,valletta,14,danish,0,82025
709,153,0,valletta,14,danish,0,82025
295,81,0,valletta,14,danish,0,82025
965,181,14,valletta,14,danish,0,82025
501,100,5,valletta,14,danish,0,82025
905,181,9,valletta,14,danish,0,82025
988,182,14,valletta,14,danish,0,82025
371,109,1,valletta,14,danish,0,82025
237,185,14,valletta,14,danish,0,82025
732,218,20,valletta,14,danish,0,82025
376,192,21,valletta,14,danish,0,82025
160,111,6,valletta,14,danish,0,82025
389,132,0,valletta,14,danish,0,82025
55,136,8,valletta,14,danish,0,82025
861,247,12,valletta,14,danish,0,82025
639,226,16,valletta,14,danish,0,82025
325,111,0,valletta,14,danish,0,82025
134,87,0,valletta,14,danish,0,82025
244,381,18,valletta,14,danish,0,82025
521,95,6,valletta,14,danish,0,82025
643,86,1,valletta,14,danish,0,82025
377,154,10,valletta,14,danish,0,82025
592,351,18,valletta,14,danish,0,82025
209,78,0,valletta,14,danish,0,82025
360,218,20,valletta,14,danish,0,82025
466,184,12,valletta,14,danish,0,82025
404,154,0,valletta,14,danish,0,82025
718,178,13,valletta,14,danish,0,82025
749,136,1,valletta,14,danish,0,82025
389,132,0,valletta,13,danish,0,82025
134,87,0,valletta,13,danish,0,82025
363,181,12,valletta,13,danish,0,82025
988,182,13,valletta,13,danish,0,82025
832,175,8,valletta,13,danish,0,82025
209,78,0,valletta,13,danish,0,82025
718,178,12,valletta,13,danish,0,82025
521,95,5,valletta,13,danish,0,82025
325,111,0,valletta,13,danish,0,82025
592,351,16,valletta,13,danish,0,82025
639,226,15,valletta,13,danish,0,82025
491,190,18,valletta,13,danish,0,82025
512,237,12,valletta,13,danish,0,82025
244,381,16,valletta,13,danish,0,82025
106,184,15,valletta,13,danish,0,82025
376,192,18,valletta,13,danish,0,82025
719,232,17,valletta,13,danish,0,82025
81,181,12,valletta,13,danish,0,82025
160,111,5,valletta,13,danish,0,82025
749,136,0,valletta,13,danish,0,82025
861,247,11,valletta,13,danish,0,82025
480,83,3,valletta,13,danish,0,82025
424,268,10,valletta,13,danish,0,82025
859,153,0,valletta,13,danish,0,82025
754,332,22,valletta,13,danish,0,82025
732,218,18,valletta,13,danish,0,82025
295,81,0,valletta,13,danish,0,82025
746,178,19,valletta,13,danish,0,82025
404,154,0,valletta,13,danish,0,82025
360,218,18,valletta,13,danish,0,82025
55,136,6,valletta,13,danish,0,82025
237,185,13,valletta,13,danish,0,82025
985,76,21,valletta,13,danish,0,82025
598,156,0,valletta,13,danish,0,82025
643,86,0,valletta,13,danish,0,82025
501,100,4,valletta,13,danish,0,82025
466,184,10,valletta,13,danish,0,82025
377,154,6,valletta,13,danish,0,82025
476,137,18,valletta,13,danish,0,82025
282,178,12,valletta,13,danish,0,82025
504,211,18,valletta,13,danish,0,82025
965,181,13,valletta,13,danish,0,82025
905,181,7,valletta,13,danish,0,82025
400,108,26,valletta,13,danish,0,82025
200,145,24,valletta,13,danish,0,82025
709,153,0,valletta,13,danish,0,82025
334,89,3,valletta,13,danish,0,82025
371,109,0,valletta,13,danish,0,82025
389,132,0,valletta,12,danish,0,82025
106,184,14,valletta,12,danish,0,82025
754,332,20,valletta,12,danish,0,82025
160,111,5,valletta,12,danish,0,82025
746,178,18,valletta,12,danish,0,82025
244,381,14,valletta,12,danish,0,82025
200,145,21,valletta,12,danish,0,82025
491,190,15,valletta,12,danish,0,82025
718,178,10,valletta,12,danish,0,82025
985,76,19,valletta,12,danish,0,82025
480,83,3,valletta,12,danish,0,82025
732,218,17,valletta,12,danish,0,82025
598,156,0,valletta,12,danish,0,82025
988,182,12,valletta,12,danish,0,82025
512,237,10,valletta,12,danish,0,82025
709,153,0,valletta,12,danish,0,82025
504,211,17,valletta,12,danish,0,82025
643,86,0,valletta,12,danish,0,82025
282,178,12,valletta,12,danish,0,82025
377,154,3,valletta,12,danish,0,82025
295,81,0,valletta,12,danish,0,82025
237,185,12,valletta,12,danish,0,82025
965,181,12,valletta,12,danish,0,82025
134,87,0,valletta,12,danish,0,82025
209,78,0,valletta,12,danish,0,82025
404,154,0,valletta,12,danish,0,82025
360,218,17,valletta,12,danish,0,82025
832,175,7,valletta,12,danish,0,82025
476,137,17,valletta,12,danish,0,82025
334,89,3,valletta,12,danish,0,82025
371,109,0,valletta,12,danish,0,82025
749,136,0,valletta,12,danish,0,82025
466,184,9,valletta,12,danish,0,82025
592,351,14,valletta,12,danish,0,82025
719,232,15,valletta,12,danish,0,82025
424,268,9,valletta,12,danish,0,82025
400,108,24,valletta,12,danish,0,82025
325,111,0,valletta,12,danish,0,82025
55,136,5,valletta,12,danish,0,82025
376,192,15,valletta,12,danish,0,82025
521,95,5,valletta,12,danish,0,82025
363,181,12,valletta,12,danish,0,82025
501,100,4,valletta,12,danish,0,82025
859,153,0,valletta,12,danish,0,82025
861,247,10,valletta,12,danish,0,82025
81,181,12,valletta,12,danish,0,82025
905,181,5,valletta,12,danish,0,82025
639,226,13,valletta,12,danish,0,82025
521,95,4,valletta,11,danish,0,82025
81,181,10,valletta,11,danish,0,82025
160,111,4,valletta,11,danish,0,82025
598,156,0,valletta,11,danish,0,82025
209,78,0,valletta,11,danish,0,82025
404,154,0,valletta,11,danish,0,82025
643,86,0,valletta,11,danish,0,82025
376,192,12,valletta,11,danish,0,82025
466,184,8,valletta,11,danish,0,82025
106,184,14,valletta,11,danish,0,82025
282,178,10,valletta,11,danish,0,82025
859,153,0,valletta,11,danish,0,82025
718,178,8,valletta,11,danish,0,82025
504,211,15,valletta,11,danish,0,82025
424,268,8,valletta,11,danish,0,82025
476,137,16,valletta,11,danish,0,82025
861,247,10,valletta,11,danish,0,82025
905,181,3,valletta,11,danish,0,82025
389,132,0,valletta,11,danish,0,82025
400,108,23,valletta,11,danish,0,82025
363,181,10,valletta,11,danish,0,82025
360,218,15,valletta,11,danish,0,82025
501,100,4,valletta,11,danish,0,82025
200,145,18,valletta,11,danish,0,82025
244,381,12,valletta,11,danish,0,82025
295,81,0,valletta,11,danish,0,82025
491,190,12,valletta,11,danish,0,82025
746,178,16,valletta,11,danish,0,82025
325,111,0,valletta,11,danish,0,82025
371,109,0,valletta,11,danish,0,82025
749,136,0,valletta,11,danish,0,82025
732,218,15,valletta,11,danish,0,82025
134,87,0,valletta,11,danish,0,82025
988,182,11,valletta,11,danish,0,82025
55,136,4,valletta,11,danish,0,82025
985,76,17,valletta,11,danish,0,82025
334,89,2,valletta,11,danish,0,82025
377,154,0,valletta,11,danish,0,82025
512,237,9,valletta,11,danish,0,82025
237,185,11,valletta,11,danish,0,82025
832,175,6,valletta,11,danish,0,82025
719,232,13,valletta,11,danish,0,82025
754,332,18,valletta,11,danish,0,82025
965,181,11,valletta,11,danish,0,82025
639,226,12,valletta,11,danish,0,82025
709,153,0,valletta,11,danish,0,82025
480,83,2,valletta,11,danish,0,82025
592,351,12,valletta,11,danish,0,82025
363,181,10,valletta,10,danish,0,82025
732,218,14,valletta,10,danish,0,82025
424,306,7,valletta,10,danish,0,82025
504,211,14,valletta,10,danish,0,82025
466,184,6,valletta,10,danish,0,82025
200,145,16,valletta,10,danish,0,82025
389,132,0,valletta,10,danish,0,82025
209,78,0,valletta,10,danish,0,82025
244,381,10,valletta,10,danish,0,82025
400,108,22,valletta,10,danish,0,82025
376,215,10,valletta,10,danish,0,82025
282,178,10,valletta,10,danish,0,82025
377,154,0,valletta,10,danish,0,82025
134,87,0,valletta,10,danish,0,82025
905,181,1,valletta,10,danish,0,82025
965,181,10,valletta,10,danish,0,82025
598,156,0,valletta,10,danish,0,82025
55,136,4,valletta,10,danish,0,82025
491,212,10,valletta,10,danish,0,82025
592,351,10,valletta,10,danish,0,82025
404,154,0,valletta,10,danish,0,82025
106,184,14,valletta,10,danish,0,82025
295,81,0,valletta,10,danish,0,82025
237,185,10,valletta,10,danish,0,82025
521,95,4,valletta,10,danish,0,82025
718,178,7,valletta,10,danish,0,82025
749,136,0,valletta,10,danish,0,82025
746,178,15,valletta,10,danish,0,82025
859,153,0,valletta,10,danish,0,82025
988,182,10,valletta,10,danish,0,82025
709,153,0,valletta,10,danish,0,82025
160,129,4,valletta,10,danish,0,82025
754,332,16,valletta,10,danish,0,82025
325,111,0,valletta,10,danish,0,82025
639,226,10,valletta,10,danish,0,82025
334,89,1,valletta,10,danish,0,82025
861,247,9,valletta,10,danish,0,82025
480,83,1,valletta,10,danish,0,82025
371,109,0,valletta,10,danish,0,82025
81,181,10,valletta,10,danish,0,82025
643,86,0,valletta,10,danish,0,82025
719,270,11,valletta,10,danish,0,82025
512,237,8,valletta,10,danish,0,82025
360,218,14,valletta,10,danish,0,82025
832,175,5,valletta,10,danish,0,82025
501,100,3,valletta,10,danish,0,82025
476,137,15,valletta,10,danish,0,82025
985,76,15,valletta,10,danish,0,82025
521,95,4,valletta,9,danish,0,82025
732,218,13,valletta,9,danish,0,82025
988,182,9,valletta,9,danish,0,82025
476,137,14,valletta,9,danish,0,82025
512,237,6,valletta,9,danish,0,82025
905,181,0,valletta,9,danish,0,82025
598,156,0,valletta,9,danish,0,82025
55,136,3,valletta,9,danish,0,82025
639,226,9,valletta,9,danish,0,82025
160,129,3,valletta,9,danish,0,82025
985,76,13,valletta,9,danish,0,82025
491,242,8,valletta,9,danish,0,82025
754,332,14,valletta,9,danish,0,82025
376,247,8,valletta,9,danish,0,82025
134,87,0,valletta,9,danish,0,82025
244,436,9,valletta,9,danish,0,82025
719,270,10,valletta,9,danish,0,82025
709,153,0,valletta,9,danish,0,82025
295,81,0,valletta,9,danish,0,82025
466,184,4,valletta,9,danish,0,82025
360,218,13,valletta,9,danish,0,82025
400,108,20,valletta,9,danish,0,82025
832,175,4,valletta,9,danish,0,82025
334,89,0,valletta,9,danish,0,82025
643,86,0,valletta,9,danish,0,82025
404,154,0,valletta,9,danish,0,82025
371,109,0,valletta,9,danish,0,82025
480,83,1,valletta,9,danish,0,82025
106,184,13,valletta,9,danish,0,82025
363,181,8,valletta,9,danish,0,82025
861,247,8,valletta,9,danish,0,82025
718,178,6,valletta,9,danish,0,82025
501,100,3,valletta,9,danish,0,82025
209,78,0,valletta,9,danish,0,82025
592,438,9,valletta,9,danish,0,82025
377,154,0,valletta,9,danish,0,82025
325,111,0,valletta,9,danish,0,82025
389,132,0,valletta,9,danish,0,82025
424,306,6,valletta,9,danish,0,82025
965,181,9,valletta,9,danish,0,82025
237,185,9,valletta,9,danish,0,82025
504,211,13,valletta,9,danish,0,82025
200,145,15,valletta,9,danish,0,82025
746,178,13,valletta,9,danish,0,82025
749,136,0,valletta,9,danish,0,82025
859,153,0,valletta,9,danish,0,82025
81,181,8,valletta,9,danish,0,82025
282,178,8,valletta,9,danish,0,82025
718,178,4,valletta,8,danish,0,82025
160,129,3,valletta,8,danish,0,82025
371,109,0,valletta,8,danish,0,82025
905,181,0,valletta,8,danish,0,82025
325,111,0,valletta,8,danish,0,82025
476,137,14,valletta,8,danish,0,82025
404,154,0,valletta,8,danish,0,82025
512,291,6,valletta,8,danish,0,82025
501,100,2,valletta,8,danish,0,82025
360,218,11,valletta,8,danish,0,82025
491,242,7,valletta,8,danish,0,82025
466,184,3,valletta,8,danish,0,82025
363,181,8,valletta,8,danish,0,82025
389,132,0,valletta,8,danish,0,82025
282,178,8,valletta,8,danish,0,82025
376,247,6,valletta,8,danish,0,82025
377,154,0,valletta,8,danish,0,82025
81,181,8,valletta,8,danish,0,82025
965,181,8,valletta,8,danish,0,82025
639,226,8,valletta,8,danish,0,82025
209,78,0,valletta,8,danish,0,82025
746,178,12,valletta,8,danish,0,82025
732,218,11,valletta,8,danish,0,82025
504,211,11,valletta,8,danish,0,82025
861,247,8,valletta,8,danish,0,82025
859,153,0,valletta,8,danish,0,82025
754,332,12,valletta,8,danish,0,82025
424,306,6,valletta,8,danish,0,82025
244,436,8,valletta,8,danish,0,82025
200,145,14,valletta,8,danish,0,82025
598,156,0,valletta,8,danish,0,82025
480,83,0,valletta,8,danish,0,82025
55,136,2,valletta,8,danish,0,82025
295,81,0,valletta,8,danish,0,82025
237,185,8,valletta,8,danish,0,82025
334,89,0,valletta,8,danish,0,82025
988,182,8,valletta,8,danish,0,82025
106,184,12,valletta,8,danish,0,82025
709,153,0,valletta,8,danish,0,82025
400,108,18,valletta,8,danish,0,82025
832,175,2,valletta,8,danish,0,82025
749,136,0,valletta,8,danish,0,82025
719,270,8,valletta,8,danish,0,82025
134,87,0,valletta,8,danish,0,82025
592,438,8,valletta,8,danish,0,82025
985,76,11,valletta,8,danish,0,82025
643,86,0,valletta,8,danish,0,82025
521,95,3,valletta,8,danish,0,82025
389,132,0,valletta,7,danish,0,82025
106,184,12,valletta,7,danish,0,82025
832,175,0,valletta,7,danish,0,82025
134,87,0,valletta,7,danish,0,82025
295,81,0,valletta,7,danish,0,82025
592,438,7,valletta,7,danish,0,82025
244,436,7,valletta,7,danish,0,82025
160,129,3,valletta,7,danish,0,82025
709,153,0,valletta,7,danish,0,82025
325,111,0,valletta,7,danish,0,82025
521,95,3,valletta,7,danish,0,82025
639,226,6,valletta,7,danish,0,82025
200,145,12,valletta,7,danish,0,82025
905,181,0,valletta,7,danish,0,82025
334,89,0,valletta,7,danish,0,82025
371,109,0,valletta,7,danish,0,82025
859,153,0,valletta,7,danish,0,82025
491,242,6,valletta,7,danish,0,82025
424,306,5,valletta,7,danish,0,82025
512,291,5,valletta,7,danish,0,82025
282,178,6,valletta,7,danish,0,82025
719,270,7,valletta,7,danish,0,82025
988,182,7,valletta,7,danish,0,82025
861,247,7,valletta,7,danish,0,82025
504,211,10,valletta,7,danish,0,82025
985,76,9,valletta,7,danish,0,82025
501,100,2,valletta,7,danish,0,82025
749,136,0,valletta,7,danish,0,82025
377,154,0,valletta,7,danish,0,82025
360,218,10,valletta,7,danish,0,82025
965,181,7,valletta,7,danish,0,82025
376,285,5,valletta,7,danish,0,82025
363,181,6,valletta,7,danish,0,82025
81,181,6,valletta,7,danish,0,82025
746,178,10,valletta,7,danish,0,82025
404,154,0,valletta,7,danish,0,82025
643,86,0,valletta,7,danish,0,82025
754,332,10,valletta,7,danish,0,82025
718,178,2,valletta,7,danish,0,82025
480,83,0,valletta,7,danish,0,82025
476,137,13,valletta,7,danish,0,82025
466,184,2,valletta,7,danish,0,82025
237,185,7,valletta,7,danish,0,82025
732,218,10,valletta,7,danish,0,82025
598,156,0,valletta,7,danish,0,82025
55,136,1,valletta,7,danish,0,82025
400,108,17,valletta,7,danish,0,82025
209,78,0,valletta,7,danish,0,82025
81,181,6,valletta,6,danish,0,82025
106,184,12,valletta,6,danish,0,82025
905,181,0,valletta,6,danish,0,82025
749,136,0,valletta,6,danish,0,82025
476,137,12,valletta,6,danish,0,82025
504,211,8,valletta,6,danish,0,82025
639,226,4,valletta,6,danish,0,82025
521,95,2,valletta,6,danish,0,82025
134,87,0,valletta,6,danish,0,82025
237,185,6,valletta,6,danish,0,82025
376,308,4,valletta,6,danish,0,82025
718,178,1,valletta,6,danish,0,82025
832,175,0,valletta,6,danish,0,82025
363,181,6,valletta,6,danish,0,82025
295,81,0,valletta,6,danish,0,82025
501,100,2,valletta,6,danish,0,82025
55,136,0,valletta,6,danish,0,82025
200,145,10,valletta,6,danish,0,82025
209,78,0,valletta,6,danish,0,82025
404,154,0,valletta,6,danish,0,82025
466,184,0,valletta,6,danish,0,82025
965,181,6,valletta,6,danish,0,82025
244,436,6,valletta,6,danish,0,82025
360,218,8,valletta,6,danish,0,82025
719,270,6,valletta,6,danish,0,82025
709,153,0,valletta,6,danish,0,82025
377,154,0,valletta,6,danish,0,82025
861,247,6,valletta,6,danish,0,82025
592,438,6,valletta,6,danish,0,82025
282,178,6,valletta,6,danish,0,82025
424,306,4,valletta,6,danish,0,82025
371,109,0,valletta,6,danish,0,82025
480,83,0,valletta,6,danish,0,82025
400,108,16,valletta,6,danish,0,82025
732,218,8,valletta,6,danish,0,82025
598,156,0,valletta,6,danish,0,82025
643,86,0,valletta,6,danish,0,82025
859,153,0,valletta,6,danish,0,82025
512,291,4,valletta,6,danish,0,82025
746,178,9,valletta,6,danish,0,82025
988,182,6,valletta,6,danish,0,82025
334,89,0,valletta,6,danish,0,82025
325,111,0,valletta,6,danish,0,82025
985,76,7,valletta,6,danish,0,82025
746,178,8,valletta,5,danish,0,82025
81,181,4,valletta,5,danish,0,82025
709,153,0,valletta,5,danish,0,82025
480,83,0,valletta,5,danish,0,82025
295,81,0,valletta,5,danish,0,82025
360,218,7,valletta,5,danish,0,82025
504,211,7,valletta,5,danish,0,82025
501,100,1,valletta,5,danish,0,82025
200,145,10,valletta,5,danish,0,82025
244,436,5,valletta,5,danish,0,82025
404,154,0,valletta,5,danish,0,82025
718,178,0,valletta,5,danish,0,82025
643,86,0,valletta,5,danish,0,82025
988,182,4,valletta,5,danish,0,82025
965,181,5,valletta,5,danish,0,82025
639,301,4,valletta,5,danish,0,82025
592,438,5,valletta,5,danish,0,82025
325,111,0,valletta,5,danish,0,82025
749,136,0,valletta,5,danish,0,82025
719,270,4,valletta,5,danish,0,82025
282,178,4,valletta,5,danish,0,82025
512,291,4,valletta,5,danish,0,82025
598,156,0,valletta,5,danish,0,82025
859,153,0,valletta,5,danish,0,82025
832,175,0,valletta,5,danish,0,82025
476,137,12,valletta,5,danish,0,82025
905,181,0,valletta,5,danish,0,82025
466,184,0,valletta,5,danish,0,82025
334,89,0,valletta,5,danish,0,82025
376,308,4,valletta,5,danish,0,82025
732,218,7,valletta,5,danish,0,82025
134,87,0,valletta,5,danish,0,82025
237,185,5,valletta,5,danish,0,82025
363,181,4,valletta,5,danish,0,82025
377,154,0,valletta,5,danish,0,82025
861,247,6,valletta,5,danish,0,82025
106,184,11,valletta,5,danish,0,82025
521,95,2,valletta,5,danish,0,82025
400,108,14,valletta,5,danish,0,82025
424,306,4,valletta,5,danish,0,82025
209,78,0,valletta,5,danish,0,82025
371,109,0,valletta,5,danish,0,82025
55,136,0,valletta,5,danish,0,82025
985,76,6,valletta,5,danish,0,82025
200,145,8,valletta,4,danish,0,82025
376,308,3,valletta,4,danish,0,82025
244,436,4,valletta,4,danish,0,82025
592,438,4,valletta,4,danish,0,82025
282,178,4,valletta,4,danish,0,82025
746,178,6,valletta,4,danish,0,82025
325,111,0,valletta,4,danish,0,82025
504,211,6,valletta,4,danish,0,82025
466,184,0,valletta,4,danish,0,82025
237,185,4,valletta,4,danish,0,82025
639,301,3,valletta,4,danish,0,82025
404,154,0,valletta,4,danish,0,82025
209,78,0,valletta,4,danish,0,82025
334,89,0,valletta,4,danish,0,82025
480,83,0,valletta,4,danish,0,82025
134,87,0,valletta,4,danish,0,82025
965,181,4,valletta,4,danish,0,82025
905,181,0,valletta,4,danish,0,82025
832,175,0,valletta,4,danish,0,82025
512,291,3,valletta,4,danish,0,82025
81,181,4,valletta,4,danish,0,82025
718,178,0,valletta,4,danish,0,82025
501,100,1,valletta,4,danish,0,82025
377,154,0,valletta,4,danish,0,82025
363,181,4,valletta,4,danish,0,82025
985,76,4,valletta,4,danish,0,82025
861,247,5,valletta,4,danish,0,82025
55,136,0,valletta,4,danish,0,82025
476,137,11,valletta,4,danish,0,82025
749,136,0,valletta,4,danish,0,82025
424,306,3,valletta,4,danish,0,82025
521,95,2,valletta,4,danish,0,82025
295,81,0,valletta,4,danish,0,82025
371,109,0,valletta,4,danish,0,82025
643,86,0,valletta,4,danish,0,82025
400,108,12,valletta,4,danish,0,82025
709,153,0,valletta,4,danish,0,82025
598,156,0,valletta,4,danish,0,82025
988,182,3,valletta,4,danish,0,82025
732,218,6,valletta,4,danish,0,82025
106,184,10,valletta,4,danish,0,82025
719,270,3,valletta,4,danish,0,82025
360,218,6,valletta,4,danish,0,82025
859,153,0,valletta,4,danish,0,82025
718,178,0,valletta,3,danish,0,82025
363,181,2,valletta,3,danish,0,82025
325,111,0,valletta,3,danish,0,82025
480,83,0,valletta,3,danish,0,82025
371,109,0,valletta,3,danish,0,82025
732,218,4,valletta,3,danish,0,82025
709,153,0,valletta,3,danish,0,82025
334,89,0,valletta,3,danish,0,82025
512,291,2,valletta,3,danish,0,82025
200,145,8,valletta,3,danish,0,82025
295,81,0,valletta,3,danish,0,82025
466,184,0,valletta,3,danish,0,82025
81,181,2,valletta,3,danish,0,82025
134,87,0,valletta,3,danish,0,82025
476,137,11,valletta,3,danish,0,82025
424,306,2,valletta,3,danish,0,82025
501,100,0,valletta,3,danish,0,82025
504,211,4,valletta,3,danish,0,82025
832,175,0,valletta,3,danish,0,82025
55,136,0,valletta,3,danish,0,82025
598,156,0,valletta,3,danish,0,82025
985,76,2,valletta,3,danish,0,82025
376,308,2,valletta,3,danish,0,82025
244,436,3,valletta,3,danish,0,82025
106,184,10,valletta,3,danish,0,82025
749,136,0,valletta,3,danish,0,82025
209,78,0,valletta,3,danish,0,82025
643,86,0,valletta,3,danish,0,82025
746,178,5,valletta,3,danish,0,82025
988,182,2,valletta,3,danish,0,82025
861,247,4,valletta,3,danish,0,82025
639,301,2,valletta,3,danish,0,82025
377,154,0,valletta,3,danish,0,82025
360,218,4,valletta,3,danish,0,82025
404,154,0,valletta,3,danish,0,82025
859,153,0,valletta,3,danish,0,82025
905,181,0,valletta,3,danish,0,82025
965,181,3,valletta,3,danish,0,82025
592,438,3,valletta,3,danish,0,82025
400,108,11,valletta,3,danish,0,82025
237,185,3,valletta,3,danish,0,82025
521,95,1,valletta,3,danish,0,82025
719,308,2,valletta,3,danish,0,82025
282,178,2,valletta,3,danish,0,82025
639,301,1,valletta,2,danish,0,82025
200,145,6,valletta,2,danish,0,82025
965,181,2,valletta,2,danish,0,82025
295,81,0,valletta,2,danish,0,82025
732,218,3,valletta,2,danish,0,82025
424,306,1,valletta,2,danish,0,82025
360,218,3,valletta,2,danish,0,82025
832,175,0,valletta,2,danish,0,82025
400,108,10,valletta,2,danish,0,82025
709,153,0,valletta,2,danish,0,82025
746,178,4,valletta,2,danish,0,82025
377,154,0,valletta,2,danish,0,82025
371,109,0,valletta,2,danish,0,82025
134,87,0,valletta,2,danish,0,82025
719,308,1,valletta,2,danish,0,82025
282,178,2,valletta,2,danish,0,82025
749,136,0,valletta,2,danish,0,82025
501,100,0,valletta,2,danish,0,82025
466,184,0,valletta,2,danish,0,82025
504,211,3,valletta,2,danish,0,82025
244,436,2,valletta,2,danish,0,82025
598,156,0,valletta,2,danish,0,82025
512,291,1,valletta,2,danish,0,82025
985,81,1,valletta,2,danish,0,82025
55,136,0,valletta,2,danish,0,82025
861,247,4,valletta,2,danish,0,82025
106,184,10,valletta,2,danish,0,82025
988,182,0,valletta,2,danish,0,82025
376,308,1,valletta,2,danish,0,82025
404,154,0,valletta,2,danish,0,82025
859,153,0,valletta,2,danish,0,82025
480,83,0,valletta,2,danish,0,82025
209,78,0,valletta,2,danish,0,82025
363,181,2,valletta,2,danish,0,82025
334,89,0,valletta,2,danish,0,82025
643,86,0,valletta,2,danish,0,82025
476,137,10,valletta,2,danish,0,82025
592,438,2,valletta,2,danish,0,82025
325,111,0,valletta,2,danish,0,82025
718,178,0,valletta,2,danish,0,82025
81,181,2,valletta,2,danish,0,82025
905,181,0,valletta,2,danish,0,82025
521,95,1,valletta,2,danish,0,82025
237,185,2,valletta,2,danish,0,82025
832,175,0,valletta,1,danish,0,82025
732,218,1,valletta,1,danish,0,82025
81,181,0,valletta,1,danish,0,82025
965,181,1,valletta,1,danish,0,82025
400,108,8,valletta,1,danish,0,82025
360,218,1,valletta,1,danish,0,82025
237,185,1,valletta,1,danish,0,82025
719,308,1,valletta,1,danish,0,82025
512,291,1,valletta,1,danish,0,82025
363,181,0,valletta,1,danish,0,82025
134,87,0,valletta,1,danish,0,82025
718,178,0,valletta,1,danish,0,82025
334,89,0,valletta,1,danish,0,82025
592,438,1,valletta,1,danish,0,82025
55,136,0,valletta,1,danish,0,82025
749,136,0,valletta,1,danish,0,82025
480,83,0,valletta,1,danish,0,82025
639,301,1,valletta,1,danish,0,82025
376,308,1,valletta,1,danish,0,82025
859,153,0,valletta,1,danish,0,82025
905,181,0,valletta,1,danish,0,82025
521,95,0,valletta,1,danish,0,82025
504,211,1,valletta,1,danish,0,82025
282,178,0,valletta,1,danish,0,82025
377,154,0,valletta,1,danish,0,82025
371,109,0,valletta,1,danish,0,82025
988,182,0,valletta,1,danish,0,82025
466,184,0,valletta,1,danish,0,82025
861,247,3,valletta,1,danish,0,82025
643,86,0,valletta,1,danish,0,82025
985,81,0,valletta,1,danish,0,82025
244,436,1,valletta,1,danish,0,82025
106,184,9,valletta,1,danish,0,82025
746,178,2,valletta,1,danish,0,82025
404,154,0,valletta,1,danish,0,82025
709,153,0,valletta,1,danish,0,82025
200,145,6,valletta,1,danish,0,82025
209,78,0,valletta,1,danish,0,82025
424,306,1,valletta,1,danish,0,82025
476,137,9,valletta,1,danish,0,82025
598,156,0,valletta,1,danish,0,82025
295,81,0,valletta,1,danish,0,82025
325,111,0,valletta,1,danish,0,82025
501,100,0,valletta,1,danish,0,82025
501,100,0,valletta,0,danish,0,82025
480,83,0,valletta,0,danish,0,82025
965,181,0,valletta,0,danish,0,82025
371,109,0,valletta,0,danish,0,82025
237,185,0,valletta,0,danish,0,82025
512,291,0,valletta,0,danish,0,82025
749,136,0,valletta,0,danish,0,82025
106,184,8,valletta,0,danish,0,82025
988,182,0,valletta,0,danish,0,82025
719,308,0,valletta,0,danish,0,82025
859,153,0,valletta,0,danish,0,82025
55,136,0,valletta,0,danish,0,82025
209,78,0,valletta,0,danish,0,82025
376,308,0,valletta,0,danish,0,82025
718,178,0,valletta,0,danish,0,82025
360,218,0,valletta,0,danish,0,82025
282,178,0,valletta,0,danish,0,82025
134,87,0,valletta,0,danish,0,82025
404,154,0,valletta,0,danish,0,82025
905,181,0,valletta,0,danish,0,82025
363,181,0,valletta,0,danish,0,82025
424,306,0,valletta,0,danish,0,82025
732,218,0,valletta,0,danish,0,82025
81,181,0,valletta,0,danish,0,82025
200,145,4,valletta,0,danish,0,82025
598,156,0,valletta,0,danish,0,82025
377,154,0,valletta,0,danish,0,82025
325,111,0,valletta,0,danish,0,82025
861,247,2,valletta,0,danish,0,82025
244,436,0,valletta,0,danish,0,82025
521,95,0,valletta,0,danish,0,82025
592,438,0,valletta,0,danish,0,82025
334,89,0,valletta,0,danish,0,82025
466,184,0,valletta,0,danish,0,82025
709,153,0,valletta,0,danish,0,82025
746,178,1,valletta,0,danish,0,82025
504,211,0,valletta,0,danish,0,82025
476,137,8,valletta,0,danish,0,82025
832,175,0,valletta,0,danish,0,82025
643,86,0,valletta,0,danish,0,82025
639,301,0,valletta,0,danish,0,82025
400,108,6,valletta,0,danish,0,82025
985,81,0,valletta,0,danish,0,82025
295,81,0,valletta,0,danish,0,82025
